-- phpMyAdmin SQL Dump
-- version 4.7.4
-- https://www.phpmyadmin.net/
--
-- Gép: 127.0.0.1
-- Létrehozás ideje: 2018. Ápr 05. 09:34
-- Kiszolgáló verziója: 10.1.30-MariaDB
-- PHP verzió: 7.2.1

SET SQL_MODE = "NO_AUTO_VALUE_ON_ZERO";
SET AUTOCOMMIT = 0;
START TRANSACTION;
SET time_zone = "+00:00";


/*!40101 SET @OLD_CHARACTER_SET_CLIENT=@@CHARACTER_SET_CLIENT */;
/*!40101 SET @OLD_CHARACTER_SET_RESULTS=@@CHARACTER_SET_RESULTS */;
/*!40101 SET @OLD_COLLATION_CONNECTION=@@COLLATION_CONNECTION */;
/*!40101 SET NAMES utf8mb4 */;

--
-- Adatbázis: `orszagok`
--
CREATE DATABASE IF NOT EXISTS `orszagok` DEFAULT CHARACTER SET utf8 COLLATE utf8_hungarian_ci;
USE `orszagok`;

-- --------------------------------------------------------

--
-- Tábla szerkezet ehhez a táblához `allamformak`
--

CREATE TABLE `allamformak` (
  `allamformakod` int(11) NOT NULL,
  `allamformanev` varchar(255) COLLATE utf8_hungarian_ci NOT NULL
) ENGINE=InnoDB DEFAULT CHARSET=utf8 COLLATE=utf8_hungarian_ci;

--
-- A tábla adatainak kiíratása `allamformak`
--

INSERT INTO `allamformak` (`allamformakod`, `allamformanev`) VALUES
(1, 'köztársaság'),
(2, 'monarchia'),
(3, 'alkotmányos monarchia'),
(4, 'elnöki köztársaság'),
(5, 'szövetségi köztársaság'),
(6, 'parlamentáris társfejedelemség'),
(7, 'szocialista köztársaság'),
(8, 'népköztársaság'),
(9, 'teokratikus monarchia'),
(10, 'iszlám köztársaság'),
(11, 'emírségek szövetsége');

-- --------------------------------------------------------

--
-- Tábla szerkezet ehhez a táblához `foldreszek`
--

CREATE TABLE `foldreszek` (
  `foldreszkod` int(11) NOT NULL,
  `foldresznev` varchar(255) COLLATE utf8_hungarian_ci NOT NULL
) ENGINE=InnoDB DEFAULT CHARSET=utf8 COLLATE=utf8_hungarian_ci;

--
-- A tábla adatainak kiíratása `foldreszek`
--

INSERT INTO `foldreszek` (`foldreszkod`, `foldresznev`) VALUES
(1, 'Afrika'),
(2, 'Amerika'),
(3, 'Ausztrália és óceánia'),
(4, 'Ázsia'),
(5, 'Európa');

-- --------------------------------------------------------

--
-- Tábla szerkezet ehhez a táblához `orszagok`
--

CREATE TABLE `orszagok` (
  `okod` int(11) NOT NULL,
  `onev` varchar(255) COLLATE utf8_hungarian_ci NOT NULL,
  `allamkod` int(11) NOT NULL,
  `fovaros` varchar(255) COLLATE utf8_hungarian_ci NOT NULL,
  `terulet` int(11) NOT NULL,
  `nepesseg` int(11) NOT NULL,
  `foldreszkod` int(11) NOT NULL,
  `penznemkod` int(11) NOT NULL,
  `gdp` int(11) NOT NULL,
  `novekedes` double NOT NULL,
  `inflacio` double NOT NULL,
  `munkanelkuliseg` double NOT NULL
) ENGINE=InnoDB DEFAULT CHARSET=utf8 COLLATE=utf8_hungarian_ci;

--
-- A tábla adatainak kiíratása `orszagok`
--

INSERT INTO `orszagok` (`okod`, `onev`, `allamkod`, `fovaros`, `terulet`, `nepesseg`, `foldreszkod`, `penznemkod`, `gdp`, `novekedes`, `inflacio`, `munkanelkuliseg`) VALUES
(1, 'Albánia', 1, 'Tirana', 28748, 3400000, 5, 39, 1200000000, 0, 0, 0),
(2, 'Bahrein', 2, 'El-Manáma', 692, 540000, 4, 12, 2147483647, 0, -0, 0),
(3, 'Ausztria', 1, 'Bécs', 83859, 7900000, 5, 65, 2147483647, 0, 0, 0),
(4, 'Costa Rica', 1, 'San José', 51100, 3300000, 2, 8, 2147483647, 0, 0, 0),
(5, 'Algéria', 1, 'Algír', 2381741, 26800000, 1, 12, 2147483647, 2, 0, 0),
(6, 'Belgium', 3, 'Brüsszel', 30528, 10100000, 5, 23, 2147483647, 0, 0, 0),
(7, 'Banglades', 1, 'Dhaka', 143998, 116700000, 4, 71, 2147483647, 0, 0, 0),
(8, 'Bosznia-Hercegovina', 1, 'Szarajevó', 51129, 4400000, 5, 12, 2147483647, 0, 0, 0),
(9, 'Angola', 1, 'Luanda', 1246700, 10000000, 1, 35, 2147483647, 0, 18, 0),
(10, 'Bulgária', 4, 'Szófia', 110994, 9000000, 5, 42, 2147483647, -0, 1, 0),
(11, 'Guatemala', 4, 'Guatemalaváros', 108889, 10000000, 2, 57, 2147483647, 0, 0, 0),
(12, 'Burundi', 4, 'Bujumbura', 27834, 6000000, 1, 23, 1100000000, 0, 0, 0),
(13, 'Csehország', 1, 'Prága', 78864, 10300000, 5, 32, 2147483647, 0, 0, 0),
(14, 'India', 5, 'Újdelhi', 3287263, 900000000, 4, 64, 2147483647, 0, 0, 0),
(15, 'Dánia', 3, 'Koppenhága', 43094, 5200000, 5, 32, 2147483647, 0, 0, 0),
(16, 'Dél-Korea', 1, 'Szöul', 99313, 44000000, 4, 78, 2147483647, 0, 0, 0),
(17, 'Észtország', 1, 'Tallin', 45227, 1500000, 5, 32, 2147483647, 0, 0, 0),
(18, 'Csád', 4, 'N\'Djamena', 1284000, 6100000, 1, 23, 1200000000, 0, 0, 0),
(19, 'Haiti', 4, 'Port-au-Prince', 27750, 6800000, 2, 24, 1600000000, -0, 1, 0),
(20, 'Andorra', 6, 'Andorra le Vella', 468, 63000, 5, 23, 1300000000, 0, 8, 0),
(21, 'Irak', 4, 'Bagdad', 438317, 19800000, 4, 12, 2147483647, -0, 0, 0),
(22, 'Azerbajdzsán', 1, 'Baku', 86600, 7400000, 5, 47, 2147483647, -0, 10, 0),
(23, 'Izrael', 1, 'Jeruzsálem', 20770, 5300000, 4, 66, 2147483647, 0, 0, 0),
(24, 'Belarusz', 1, 'Minszk', 207595, 10300000, 5, 63, 2147483647, -0, 16, 0),
(25, 'Kuba', 7, 'Havanna', 110860, 10900000, 2, 55, 2147483647, -5, 0, 0),
(26, 'Dzsibuti', 4, 'Dzsibuti', 23200, 574000, 1, 23, 2147483647, 0, 0, 0),
(27, 'Japán', 3, 'Tokió', 377750, 124800000, 4, 27, 2147483647, 7, 6, 0),
(28, 'Ciprus', 4, 'Nicosia', 9251, 725000, 5, 21, 2147483647, 0, 0, 0),
(29, 'Kazahsztán', 4, 'Almati', 2717300, 17200000, 4, 73, 2147483647, -0, 12, 0),
(30, 'Finnország', 1, 'Helsinki', 338139, 5100000, 5, 48, 2147483647, 0, 0, 0),
(31, 'Salvador', 4, 'San Salvador', 21041, 5500000, 2, 8, 2147483647, 0, 0, 0),
(32, 'Egyiptom', 4, 'Kairó', 997739, 55700000, 1, 21, 2147483647, 5, 0, 0),
(33, 'Görögország', 1, 'Athén', 131957, 10400000, 5, 18, 2147483647, 7, 0, 0),
(34, 'Jemen', 4, 'Szanaa', 536869, 13400000, 4, 59, 2147483647, -7, 0, 0),
(35, 'Hollandia', 3, 'Amszterdam', 33939, 15300000, 5, 26, 2147483647, 0, 0, 0),
(36, 'Mexikó', 5, 'Mexikóváros', 1958201, 93700000, 2, 55, 2147483647, 0, 0, 0),
(37, 'Írország', 1, 'Dublin', 70283, 3600000, 5, 21, 2147483647, 0, 0, 0),
(38, 'Kína', 8, 'Peking', 9571300, 1200000000, 4, 28, 2147483647, 0, 0, 0),
(39, 'Szerbia', 5, 'Belgrád', 102173, 10700000, 5, 12, 2147483647, -0, 0, 0),
(40, 'Kuvait', 2, 'Kuvaitváros', 17818, 1500000, 4, 12, 2147483647, 0, 0, 0),
(41, 'Lettország', 1, 'Riga', 64589, 2600000, 5, 37, 2147483647, -0, 0, 0),
(42, 'Etiópia', 1, 'Addisz-Abeda', 1251982, 54000000, 1, 4, 2147483647, -0, 0, 0),
(43, 'Litvánia', 1, 'Vilnius', 65300, 3800000, 5, 45, 2147483647, -0, 0, 0),
(44, 'Laosz', 8, 'Vientián', 236800, 4500000, 4, 31, 1300000000, 0, 0, 0),
(45, 'Macedónia', 1, 'Szkopje', 25713, 2200000, 5, 12, 1700000000, -0, 3, 0),
(46, 'Saint Vincent', 3, 'Kingstown', 389, 110000, 2, 16, 230000000, 0, 0, 0),
(47, 'Málta', 1, 'Valletta', 316, 360000, 5, 44, 2147483647, 0, 0, 0),
(48, 'Panama', 4, 'Panamaváros', 77082, 2600000, 2, 3, 2147483647, 4, 0, 0),
(49, 'Monaco', 3, 'Monaco', 2, 30000, 5, 23, 1100000000, 0, 0, 0),
(50, 'Malajzia', 3, 'Kuala Lumpur', 329758, 19000000, 4, 62, 2147483647, 0, 0, 0),
(51, 'Németország', 5, 'Berlin', 356733, 81200000, 5, 48, 2147483647, 0, 0, 0),
(52, 'Gambia', 4, 'Banjul', 11295, 1200000, 1, 11, 2147483647, 0, 0, 0),
(53, 'Olaszország', 1, 'Róma', 301302, 58000000, 5, 44, 2147483647, 0, 0, 0),
(54, 'Mongólia', 1, 'Ulánbátor', 1565000, 2400000, 4, 75, 960000000, -0, 1, 0),
(55, 'Örményország', 1, 'Jereván', 29800, 3700000, 5, 19, 2147483647, -0, 100, 0),
(56, 'Argentína', 5, 'Buenos Aires', 2766889, 33500000, 2, 55, 2147483647, 0, 0, 0),
(57, 'Románia', 4, 'Bukarest', 237500, 22800000, 5, 38, 2147483647, 0, 0, 0),
(58, 'Nepál', 3, 'Katmandu', 147781, 20400000, 4, 64, 2147483647, 0, 0, 0),
(59, 'Spanyolország', 3, 'Madrid', 504782, 39100000, 5, 54, 2147483647, 0, 0, 0),
(60, 'Kamerun', 4, 'Yaoundé', 475442, 12600000, 1, 23, 2147483647, -0, 0, 0),
(61, 'Chile', 4, 'Santiago de Chile', 756626, 13800000, 2, 55, 2147483647, 0, 0, 0),
(62, 'Svédország', 3, 'Stockholm', 449964, 8700000, 5, 32, 2147483647, 0, 0, 0),
(63, 'Ecuador', 4, 'Quito', 272045, 11300000, 2, 69, 2147483647, 0, 0, 0),
(64, 'Szlovénia', 1, 'Ljubljana', 20253, 2000000, 5, 74, 2147483647, 0, 0, 0),
(65, 'Pakisztán', 5, 'Iszlámábád', 796095, 122800000, 4, 64, 2147483647, 0, 0, 0),
(66, 'Ukrajna', 4, 'Kijev', 603700, 52100000, 5, 29, 2147483647, -0, 8, 0),
(67, 'Kolumbia', 4, 'Bogotá', 1138914, 35600000, 2, 55, 2147483647, 0, 0, 0),
(68, 'Vatikán', 9, 'Vatikánváros', 1, 830, 5, 44, 0, 0, 0, 0),
(69, 'Kenya', 4, 'Nairobi', 582646, 27000000, 1, 67, 2147483647, 0, 0, 0),
(70, 'Törökország', 1, 'Ankara', 779452, 59500000, 5, 44, 2147483647, -0, 1, 0),
(71, 'Szingapúr', 1, 'Szingapúr', 641, 2900000, 4, 16, 2147483647, 0, 0, 0),
(72, 'Szlovákia', 1, 'Pozsony', 49036, 5400000, 5, 32, 2147483647, 0, 0, 0),
(73, 'Peru', 4, 'Lima', 1285216, 22800000, 2, 68, 2147483647, 0, 0, 0),
(74, 'Svájc', 5, 'Bern', 41293, 7000000, 5, 23, 2147483647, 0, 0, 0),
(75, 'Szíria', 4, 'Damaszkusz', 185180, 13400000, 4, 21, 2147483647, 0, 0, 0),
(76, 'Nicaragua', 4, 'managua', 130000, 4300000, 2, 9, 1500000000, -7, 0, 0),
(77, 'San Marino', 1, 'San Marino', 61, 24000, 5, 44, 2147483647, 0, 0, 0),
(78, 'Lesotho', 3, 'Maseru', 30355, 1800000, 1, 46, 1100000000, 0, 0, 0),
(79, 'Portugália', 1, 'Lisszabon', 92389, 9800000, 5, 20, 2147483647, 0, 0, 0),
(80, 'Tajvan', 1, 'Tajpej', 36000, 21000000, 4, 16, 2147483647, 0, 0, 0),
(81, 'Oroszország', 5, 'Moszkva', 17045400, 148500000, 5, 63, 2147483647, -0, 0, 0),
(82, 'Suriname', 4, 'Paramaribo', 163265, 405000, 2, 26, 1400000000, -0, 1, 0),
(83, 'Norvégia', 3, 'Oslo', 323877, 4300000, 5, 32, 2147483647, 0, 0, 0),
(84, 'Vietnam', 7, 'Hanoi', 330341, 70800000, 4, 17, 2147483647, 0, 0, 0),
(85, 'Nagy-Britannia', 3, 'London', 241752, 58000000, 5, 21, 2147483647, 0, 0, 0),
(86, 'Honduras', 4, 'Tegucigalpa', 112088, 5600000, 2, 40, 2147483647, -0, 0, 0),
(87, 'Madagaszkár', 1, 'Antananarivo', 587041, 12800000, 1, 23, 2147483647, 0, 0, 0),
(88, 'Moldova', 4, 'Kisinyov', 33700, 4500000, 5, 38, 2147483647, -0, 2, 0),
(89, 'Srí Lanka', 1, 'Colombo', 64454, 17600000, 4, 64, 2147483647, 0, 0, 0),
(90, 'Magyarország', 1, 'Budapest', 93030, 10300000, 5, 22, 2147483647, 0, 0, 0),
(91, 'Uruguay', 4, 'Montevideo', 176215, 3100000, 2, 55, 2147483647, 0, 0, 0),
(92, 'Luxemburg', 3, 'Luxembourg', 2586, 400000, 5, 23, 2147483647, 0, 0, 0),
(93, 'Ausztrália', 3, 'Canberra', 7686848, 17700000, 3, 16, 2147483647, 0, 0, 0),
(94, 'Liechtenstein', 3, 'Vaduz', 160, 30000, 5, 23, 1100000000, 0, 0, 0),
(95, 'Mali', 4, 'Bamako', 1240192, 9200000, 1, 23, 2147483647, 0, -8, 0),
(96, 'Venezuela', 5, 'Caracas', 912050, 20800000, 2, 5, 2147483647, -0, 0, 0),
(97, 'Lengyelország', 4, 'Varsó', 312685, 38400000, 5, 80, 2147483647, 0, 0, 0),
(98, 'Kiribati', 4, 'Baikiri', 810, 76000, 3, 16, 2147483647, 0, 0, 0),
(99, 'Izland', 1, 'Reykjavík', 103000, 264000, 5, 32, 2147483647, 5, 0, 0),
(100, 'Nauru', 1, 'Yaren', 21, 10000, 3, 16, 2147483647, 0, 0, 0),
(101, 'Horvátország', 1, 'Zágráb', 56538, 4800000, 5, 33, 2147483647, 0, 0, 0),
(102, 'Niger', 4, 'Niamey', 1267000, 8400000, 1, 23, 2147483647, 0, 0, 0),
(103, 'Grúzia', 4, 'Tbiliszi', 69700, 5500000, 5, 34, 2147483647, -0, 100, 0),
(104, 'Palau', 4, 'Koror', 508, 15000, 3, 16, 13000000, 0, 0, 0),
(105, 'Franciaország', 4, 'Párizs', 543965, 57600000, 5, 23, 2147483647, 0, 0, 0),
(106, 'Szudán', 10, 'Kartúm', 2505813, 27300000, 1, 12, 2147483647, 7, 1, 0),
(107, 'Tonga', 3, 'Nuku\'alofa', 748, 99000, 3, 53, 160000000, 0, 8, 0),
(108, 'Tunézia', 4, 'Tunisz', 164150, 8600000, 1, 12, 2147483647, 0, 0, 0),
(109, 'Tuvalu', 3, 'Vaiaku', 26, 9500, 3, 16, 6000000, 0, 0, 0),
(110, 'Zambia', 4, 'Lusaka', 752614, 8600000, 1, 35, 2147483647, -0, 2, 0),
(111, 'Amerikai Egyesült Államok', 5, 'Washington', 9372614, 258100000, 2, 16, 2147483647, 0, 0, 0),
(112, 'Zimbabwe', 4, 'Harare', 390579, 10600000, 1, 16, 2147483647, 0, 0, 0),
(113, 'Barbados', 3, 'Bridgetown', 430, 260000, 2, 16, 1600000000, 5, 0, 0),
(114, 'Benin', 4, 'Porto-Novo', 112622, 5200000, 1, 23, 2147483647, 0, 0, 0),
(115, 'Guyana', 4, 'Georgetown', 217969, 810000, 2, 16, 280000000, 0, 0, 0),
(116, 'Irán', 4, 'Teherán', 1648000, 61400000, 4, 61, 2147483647, 0, 0, 0),
(117, 'Bissau-Guinea', 4, 'Bissau', 36125, 1000000, 1, 55, 2147483647, 0, 0, 0),
(118, 'Jordánia', 3, 'Ammán', 97740, 4100000, 4, 12, 2147483647, 0, 0, 0),
(119, 'Antigua és Barbuda', 3, 'Saint John\'s', 442, 67000, 2, 16, 430000000, 0, 0, 0),
(120, 'Elefántcsontpart', 4, 'Yamoussoukro', 322462, 13400000, 1, 23, 2147483647, 0, 0, 0),
(121, 'Botswana', 4, 'Gaborone', 582000, 1400000, 1, 56, 2147483647, 0, 0, 0),
(122, 'Afganisztán', 10, 'Kabul', 652225, 22100000, 4, 1, 2147483647, -0, 40, 0),
(123, 'Mauritius', 1, 'Port Louis', 2040, 1100000, 1, 64, 2147483647, 0, 0, 0),
(124, 'Belize', 3, 'Belmopan', 22965, 205000, 2, 16, 500000000, 0, 0, 0),
(125, 'Kambodzsa', 3, 'Phnom Penh', 181035, 9600000, 4, 60, 1200000000, 0, 0, 0),
(126, 'Dél-Afrika', 4, 'Pretoria', 1221037, 40700000, 1, 58, 2147483647, 0, 0, 0),
(127, 'Katar', 2, 'Doha', 11437, 520000, 4, 61, 2147483647, -0, 0, 0),
(128, 'Trinidad és Tobago', 4, 'Port of Spain', 5128, 1300000, 2, 16, 2147483647, -0, 0, 0),
(129, 'Egyenlítői-Guinea', 4, 'Malabo', 28051, 447000, 1, 23, 2147483647, -9, 0, 0),
(130, 'Zöld-foki szigetek', 1, 'Cidade de Praia', 4033, 398000, 1, 20, 2147483647, 0, 0, 0),
(131, 'Namíbia', 4, 'Windhoek', 824292, 1600000, 1, 58, 2147483647, 0, 0, 0),
(132, 'Maldív-szigetek', 4, 'Male', 298, 237000, 4, 64, 190000000, 0, 0, 0),
(133, 'Guinea', 4, 'Conakry', 245857, 6300000, 1, 23, 2147483647, 0, 0, 0),
(134, 'Dominika', 1, 'Roseau', 750, 72000, 2, 16, 190000000, 0, 0, 0),
(135, 'Libanon', 1, 'Bejrút', 10400, 28000000, 4, 21, 2147483647, 0, 0, 0),
(136, 'Jamaica', 3, 'Kingston', 10991, 2400000, 2, 16, 2147483647, 0, 0, 0),
(137, 'Burkina Faso', 4, 'Ouagadougou', 274200, 9800000, 1, 23, 2147483647, 0, 4, 0),
(138, 'Üzbegisztán', 4, 'Taskent', 447400, 21900000, 4, 70, 2147483647, -0, 8, 0),
(139, 'Paraguay', 4, 'Asunción', 406752, 4600000, 2, 25, 2147483647, 0, 0, 0),
(140, 'Marokkó', 3, 'Rabat', 458730, 26700000, 1, 13, 2147483647, 0, 0, 0),
(141, 'Kirgizsztán', 4, 'Pispek', 198500, 4500000, 4, 70, 2147483647, -0, 8, 0),
(142, 'Bahama-szigetek', 3, 'Nassau', 13939, 266000, 2, 16, 2147483647, 0, 0, 0),
(143, 'Fidzsi-szigetek', 1, 'Suva', 18376, 760000, 3, 16, 1600000000, 0, 0, 0),
(144, 'Mozambik', 1, 'Maputo', 801590, 16900000, 1, 49, 1300000000, -0, 0, 0),
(145, 'Indonézia', 1, 'Dzsakarta', 1904569, 188000000, 4, 64, 2147483647, 0, 0, 0),
(146, 'Marshall-szigetek', 1, 'Dalap-Uliga-Darrit', 180, 53000, 3, 16, 75000000, 0, 0, 0),
(147, 'Omán', 2, 'Maszkat', 212457, 1700000, 4, 61, 2147483647, -0, 9, 0),
(148, 'Eritrea', 1, 'Aszmara', 98500, 3500000, 1, 4, 2147483647, 0, 0, 0),
(149, 'Új-Zéland', 3, 'Wellington', 270986, 3500000, 3, 16, 2147483647, 0, 0, 0),
(150, 'Tádzsikisztán', 4, 'Dusanbe', 143100, 5700000, 4, 63, 2147483647, -0, 12, 0),
(151, 'Comore-szigetek', 4, 'Moroni', 1862, 530000, 1, 23, 2147483647, 0, 0, 0),
(152, 'Mikronézia', 5, 'Palikir', 700, 110000, 3, 16, 100000000, 0, 0, 0),
(153, 'Thaiföld', 3, 'Bangkok', 513115, 58800000, 4, 2, 2147483647, 0, 0, 0),
(154, 'Seychelle-szigetek', 4, 'Victoria', 454, 71000, 1, 64, 2147483647, 0, 0, 0),
(155, 'Pápua Új-Guinea', 3, 'Port Moresby', 462840, 4100000, 3, 30, 2147483647, 0, 0, 0),
(156, 'Líbia', 10, 'Tripoli', 1775500, 5000000, 1, 12, 2147483647, 0, 0, 0),
(157, 'Salamon-szigetek', 3, 'Honiara', 27556, 350000, 3, 15, 206000000, 0, 0, 0),
(158, 'Nyugat-Szahara', 1, 'El-Aaiún', 252120, 200000, 1, 13, 2147483647, 0, 0, 0),
(159, 'Szaúd-Arábia', 2, 'Rijád', 2240000, 17400000, 4, 61, 2147483647, -0, 0, 0),
(160, 'Malawi', 4, 'Lilongwe', 118484, 10400000, 1, 35, 2147483647, -0, 0, 0),
(161, 'Türkmenisztán', 4, 'Asgabat', 488100, 4300000, 4, 47, 2147483647, -0, 14, 0),
(162, 'Szomália', 1, 'Mogadishu', 637657, 8500000, 1, 67, 1000000000, 0, 1, 0),
(163, 'Dominikai Köztársaság', 4, 'Santo Domingo', 48243, 7400000, 2, 55, 2147483647, 0, 0, 0),
(164, 'Kongó', 1, 'Brazzaville', 342000, 2500000, 1, 23, 2147483647, -0, 0, 0),
(165, 'Egyesült Arab Emírségek', 11, 'Abu Dhabi', 83600, 1700000, 4, 13, 2147483647, 0, 0, 0),
(166, 'Ruanda', 4, 'Kigali', 26338, 6500000, 1, 23, 1300000000, -0, 0, 0),
(167, 'Mauritánia', 4, 'Nouakchott', 1030700, 2100000, 1, 52, 1100000000, 0, 0, 0),
(168, 'Észak-Korea', 8, 'Phenjan', 120538, 23000000, 4, 78, 2147483647, -0, 0, 0),
(169, 'Tanzánia', 4, 'Dar es Salaam', 945087, 27800000, 1, 67, 2147483647, 0, 0, 0),
(170, 'Libéria', 4, 'Monrovia', 97754, 2800000, 1, 16, 1300000000, 0, 0, 0),
(171, 'Brunei', 2, 'Bandar Seri Begawan', 5765, 280000, 4, 16, 2147483647, -0, 0, 0),
(172, 'Togo', 4, 'Lomé', 56785, 4000000, 1, 23, 1300000000, -0, 0, 0),
(173, 'Kanada', 3, 'Ottawa', 9976139, 28100000, 2, 16, 2147483647, 0, 7, 0),
(174, 'Szenegál', 1, 'Dakar', 196722, 8100000, 1, 23, 2147483647, 0, 0, 0),
(175, 'Fülöp-szigetek', 4, 'Manila', 300000, 65700000, 4, 55, 2147483647, 0, 0, 0),
(176, 'Ghána', 1, 'Accra', 238533, 16300000, 1, 7, 2147483647, 0, 0, 0),
(177, 'Brazília', 5, 'Brasilia', 8511996, 156500000, 2, 10, 2147483647, 0, 9, 0),
(178, 'Nyugat-Szamoa', 3, 'Apia', 2831, 163000, 3, 72, 160000000, -0, 0, 0),
(179, 'Nigéria', 4, 'Abuja', 923768, 115700000, 1, 50, 2147483647, 0, 0, 0),
(180, 'Szváziföld', 3, 'Mbabane', 17363, 880000, 1, 43, 2147483647, 0, 0, 0),
(181, 'Bhután', 3, 'Timpu', 47000, 1500000, 4, 51, 2147483647, 0, 0, 0),
(182, 'Zaire', 4, 'Kinshasa', 2345409, 41200000, 1, 79, 2147483647, -0, 85, 0),
(183, 'Grenada', 3, 'Saint George\'s', 345, 91000, 2, 16, 220000000, -6, 0, 0),
(184, 'Közép-Afrika', 4, 'Bangui', 622436, 3200000, 1, 23, 1300000000, -0, 0, 0),
(185, 'Gabon', 4, 'Libreville', 267667, 1200000, 1, 23, 2147483647, 0, -0, 0),
(186, 'Saint Kitts és Nevis', 3, 'Basseterre', 262, 42000, 2, 16, 188000000, 0, 0, 0),
(187, 'Mianmar', 7, 'Rangun', 676552, 44700000, 4, 36, 2147483647, 0, 0, 0),
(188, 'Bolívia', 4, 'La Paz', 1098581, 7100000, 2, 6, 2147483647, 0, 0, 0),
(189, 'Sao Tomé és Príncipe', 1, 'Sao Tomé', 964, 126000, 1, 14, 2147483647, 0, 0, 0),
(190, 'Uganda', 4, 'Kampala', 241139, 18700000, 1, 76, 2147483647, 0, 0, 0),
(191, 'Sierra Leone', 4, 'Freetown', 71740, 4400000, 1, 41, 2147483647, -0, 0, 0),
(192, 'Vanuatu', 1, 'Port-Vila', 12190, 160000, 3, 77, 200000000, 0, 0, 0),
(193, 'Saint Lucia', 3, 'Castries', 616, 158000, 2, 16, 480000000, 0, 0, 0);

-- --------------------------------------------------------

--
-- Tábla szerkezet ehhez a táblához `penznemek`
--

CREATE TABLE `penznemek` (
  `penznemkod` int(11) NOT NULL,
  `penznemnev` varchar(255) COLLATE utf8_hungarian_ci NOT NULL
) ENGINE=InnoDB DEFAULT CHARSET=utf8 COLLATE=utf8_hungarian_ci;

--
-- A tábla adatainak kiíratása `penznemek`
--

INSERT INTO `penznemek` (`penznemkod`, `penznemnev`) VALUES
(1, 'afgháni'),
(2, 'baht'),
(3, 'balboa'),
(4, 'birr'),
(5, 'bolivar'),
(6, 'boliviano'),
(7, 'cedi'),
(8, 'colón'),
(9, 'córdoba'),
(10, 'cruzeiro real'),
(11, 'dalasi'),
(12, 'dinár'),
(13, 'dirham'),
(14, 'dobra'),
(15, 'dolár'),
(16, 'dollár'),
(17, 'dong'),
(18, 'drachma'),
(19, 'dram'),
(20, 'escudo'),
(21, 'font'),
(22, 'forint'),
(23, 'frank'),
(24, 'gourde'),
(25, 'guaraní'),
(26, 'gulden'),
(27, 'jen'),
(28, 'jüan'),
(29, 'karbovanyec'),
(30, 'kina'),
(31, 'kip'),
(32, 'korona'),
(33, 'kuna'),
(34, 'kupon'),
(35, 'kwacha'),
(36, 'kyat'),
(37, 'lat'),
(38, 'lej'),
(39, 'lek'),
(40, 'lempira'),
(41, 'leone'),
(42, 'leva'),
(43, 'lilangeni'),
(44, 'líra'),
(45, 'litas'),
(46, 'maloti'),
(47, 'manát'),
(48, 'márka'),
(49, 'metical'),
(50, 'naira'),
(51, 'ngultrum'),
(52, 'ouguiya'),
(53, 'pa\'anga'),
(54, 'peseta'),
(55, 'peso'),
(56, 'pula'),
(57, 'quetzal'),
(58, 'rand'),
(59, 'riál'),
(60, 'riel'),
(61, 'rijál'),
(62, 'ringgit'),
(63, 'rubel'),
(64, 'rúpia'),
(65, 'schilling'),
(66, 'sékel'),
(67, 'shilling'),
(68, 'sol'),
(69, 'sucre'),
(70, 'szom'),
(71, 'taka'),
(72, 'tala'),
(73, 'tenge'),
(74, 'tolar'),
(75, 'tugrik'),
(76, 'új shilling'),
(77, 'vatu'),
(78, 'von'),
(79, 'zaire'),
(80, 'zloty');

-- --------------------------------------------------------

--
-- Tábla szerkezet ehhez a táblához `varosok`
--

CREATE TABLE `varosok` (
  `varoskod` int(11) NOT NULL,
  `varosnev` varchar(255) COLLATE utf8_hungarian_ci NOT NULL,
  `orszagkod` int(11) NOT NULL,
  `varos_lelekszam` int(11) NOT NULL
) ENGINE=InnoDB DEFAULT CHARSET=utf8 COLLATE=utf8_hungarian_ci;

--
-- A tábla adatainak kiíratása `varosok`
--

INSERT INTO `varosok` (`varoskod`, `varosnev`, `orszagkod`, `varos_lelekszam`) VALUES
(1, 'Aalborg', 15, 155000),
(2, 'Aalst', 6, 77000),
(3, 'Aarhus', 15, 258000),
(4, 'Abadan', 116, 294000),
(5, 'Abeche', 18, 71000),
(6, 'Abeokuta', 179, 359000),
(7, 'Abha', 159, 30000),
(8, 'Abidjan', 120, 1850000),
(9, 'Abomey', 114, 54000),
(10, 'Abu Dhabi', 119, 243000),
(11, 'Acapulco', 36, 409000),
(12, 'Accra', 176, 949000),
(13, 'Adana', 70, 776000),
(14, 'Addis Ababa', 42, 1495000),
(15, 'Adelaide', 93, 1013000),
(16, 'Aden', 34, 318000),
(17, 'Afareaitu', 30, 2000),
(18, 'Agadez', 102, 27000),
(19, 'Agadir', 140, 700000),
(20, 'Agana', 103, 1000),
(21, 'Agedabia', 156, 31000),
(22, 'Aguadilla', 79, 61000),
(23, 'Ahmedabad', 14, 2060000),
(24, 'Ahwaz', 116, 580000),
(25, 'Aix-en-Provence', 105, 125000),
(26, 'Ajlun', 118, 47000),
(27, 'Akranes', 99, 5000),
(28, 'Akureyri', 99, 13000),
(29, 'Al Obeid', 106, 140000),
(30, 'Alajuela', 4, 147000),
(31, 'Al-Amarah', 21, 132000),
(32, 'Al-Beida', 156, 32000),
(33, 'Aleppo', 75, 1216000),
(34, 'Alesund', 83, 36000),
(35, 'Alexandria', 32, 2917000),
(36, 'Algír', 5, 1507000),
(37, 'Al-Hillah', 21, 215000),
(38, 'Alicante', 59, 258000),
(39, 'Ali-Sabiah', 26, 34000),
(40, 'Alma-Ata', 29, 1151000),
(41, 'Al-Mahallan', 32, 385000),
(42, 'Al-Mansuran', 32, 358000),
(43, 'Almeria', 59, 155000),
(44, 'Al-Mobarraz', 159, 54000),
(45, 'Almuda', 79, 43000),
(46, 'Alor Star', 160, 75000),
(47, 'Amadora', 79, 96000),
(48, 'Ambato', 63, 134000),
(49, 'Amman', 118, 900000),
(50, 'Ammassalik', 183, 1000),
(51, 'Amszterdam', 35, 692000),
(52, 'Anchorage', 129, 224000),
(53, 'Andisan', 138, 300000),
(54, 'Andorra la Valle', 20, 18000),
(55, 'Anecho', 172, 14000),
(56, 'Angeles', 175, 246000),
(57, 'Ankara', 70, 2252000),
(58, 'Annabu', 5, 306000),
(59, 'An-Najaf', 21, 243000),
(60, 'An-Nasiriyah', 21, 139000),
(61, 'Anse Boilean', 154, 4000),
(62, 'Anse Royal', 154, 3000),
(63, 'Antananarivo', 87, 703000),
(64, 'Antofagasta', 61, 205000),
(65, 'Antsirabe', 87, 79000),
(66, 'Antsiranana', 87, 53000),
(67, 'Antwerp', 6, 476000),
(68, 'Apeldoorn', 35, 146000),
(69, 'Apia', 178, 33000),
(70, 'Arecibo', 79, 98000),
(71, 'Arequipa', 73, 592000),
(72, 'Ariana', 108, 99000),
(73, 'Arica', 61, 170000),
(74, 'Arima', 128, 29000),
(75, 'Ar-Ramadi', 21, 137000),
(76, 'Arusha', 169, 55000),
(77, 'Ashabad', 109, 402000),
(78, 'Asmera', 42, 296000),
(79, 'As-Sulaymaniyah', 21, 279000),
(80, 'Asuncion', 139, 729000),
(81, 'Aswan', 32, 196000),
(82, 'Asyut', 32, 291000),
(83, 'Atakpame', 172, 27000),
(84, 'Atar', 167, 16000),
(85, 'Atbara', 106, 103000),
(86, 'Athén', 33, 886000),
(87, 'Atlanta', 129, 384000),
(88, 'Auckland', 149, 852000),
(89, 'Azzawiya', 156, 85000),
(90, 'Bacaramanga', 67, 342000),
(91, 'Bacolod', 175, 318000),
(92, 'Bafata', 117, 13000),
(93, 'Bafilo', 172, 10000),
(94, 'Bafoussam', 60, 76000),
(95, 'Bagdad', 21, 4648000),
(96, 'Baghlan', 122, 41000),
(97, 'Bahr Dar', 42, 55000),
(98, 'Baidoa', 162, 300000),
(99, 'Bakau', 52, 19000),
(100, 'Bakhtaran', 116, 561000),
(101, 'Baku', 22, 1760000),
(102, 'Balzers', 94, 4000),
(103, 'Bamako', 95, 646000),
(104, 'Bambari', 184, 52000),
(105, 'Bamend', 60, 48000),
(106, 'Bandar Abbas', 116, 202000),
(107, 'Bandar Seri Begawan', 171, 52000),
(108, 'Bandung', 145, 1463000),
(109, 'Banfora', 42, 35000),
(110, 'Bangalore', 14, 2476000),
(111, 'Bangassou', 184, 36000),
(112, 'Bangkok', 153, 5609000),
(113, 'Bangui', 184, 597000),
(114, 'Bania Blanca', 56, 224000),
(115, 'Banja Luka', 8, 193000),
(116, 'Banjarmasiu', 145, 381000),
(117, 'Banjul', 52, 44000),
(118, 'Ba\'qubah', 21, 115000),
(119, 'Barahona', 163, 50000),
(120, 'Barcelona', 59, 1704000),
(121, 'Barcelona', 96, 237000),
(122, 'Bari', 53, 359000),
(123, 'Barisal', 7, 173000),
(124, 'Barquisimeto', 96, 741000),
(125, 'Barranquilla', 67, 897000),
(126, 'Barreiro', 79, 51000),
(127, 'Basel', 74, 174000),
(128, 'Basra', 21, 617000),
(129, 'Bassari', 172, 22000),
(130, 'Basse Santa Su', 52, 3000),
(131, 'Bassein', 137, 144000),
(132, 'Basseterre', 186, 19000),
(133, 'Basse-Terre', 103, 14000),
(134, 'Bata', 63, 29000),
(135, 'Batangas', 175, 176000),
(136, 'Batna', 5, 182000),
(137, 'Batumi', 103, 136000),
(138, 'Bayamo', 25, 119000),
(139, 'Bayamon', 79, 222000),
(140, 'Bean Bassin', 123, 93000),
(141, 'Bechar', 5, 107000),
(142, 'Bécs', 3, 1531000),
(143, 'Beersheba', 23, 115000),
(144, 'Beijing', 38, 5469000),
(145, 'Beira', 144, 292000),
(146, 'Beirut', 135, 1500000),
(147, 'Bejaia', 5, 115000),
(148, 'Belem', 177, 1117000),
(149, 'Belfast', 85, 354000),
(150, 'Belgrád', 118, 1470000),
(151, 'Belize City', 124, 48000),
(152, 'Belmopan', 124, 4000),
(153, 'Belo Horizonte', 177, 2114000),
(154, 'Bene Beraq', 23, 105000),
(155, 'Benghazi', 156, 446000),
(156, 'Benguela', 9, 41000),
(157, 'Berat', 1, 41000),
(158, 'Berbera', 162, 70000),
(159, 'Berberati', 184, 100000),
(160, 'Berekna', 16, 3000),
(161, 'Bergen', 83, 211000),
(162, 'Berlin', 51, 3140000),
(163, 'Bern', 74, 138000),
(164, 'Bhaktapur', 58, 48000),
(165, 'Biel', 74, 51000),
(166, 'Big Bend', 180, 10000),
(167, 'Bilbao', 59, 382000),
(168, 'Biratnagar', 58, 94000),
(169, 'Birkirkara', 47, 20000),
(170, 'Birmingham', 85, 1024000),
(171, 'Birni N\'Konni', 102, 16000),
(172, 'Bissau', 117, 125000),
(173, 'Bitola', 90, 80000),
(174, 'Bizerte', 108, 95000),
(175, 'Blantyre', 160, 403000),
(176, 'Blida', 5, 171000),
(177, 'Bloemfontein', 126, 104000),
(178, 'Bo', 191, 26000),
(179, 'Bobo-Dioulasso', 42, 231000),
(180, 'Bobonong', 121, 54000),
(181, 'Bodden Town', 118, 1000),
(182, 'Bodo', 83, 35000),
(183, 'Bogota', 67, 3975000),
(184, 'Boksburg', 126, 111000),
(185, 'Bolgatanga', 176, 32000),
(186, 'Bologna', 53, 427000),
(187, 'Bombay', 14, 8243000),
(188, 'Bongor', 18, 69000),
(189, 'Bonriki', 98, 21000),
(190, 'Bonthe', 191, 6000),
(191, 'Boras', 62, 101000),
(192, 'Bordeaux', 105, 211000),
(193, 'Boston', 129, 554000),
(194, 'Bouake', 120, 220000),
(195, 'Bouer', 184, 55000),
(196, 'Bourail', 190, 4000),
(197, 'Bradford', 85, 295000),
(198, 'Braga', 79, 63000),
(199, 'Braila', 57, 236000),
(200, 'Brasilia', 177, 1568000),
(201, 'Brassó', 57, 351000),
(202, 'Brazzaville', 164, 596000),
(203, 'Bremen', 51, 522000),
(204, 'Brest', 105, 160000),
(205, 'Bridgetown', 113, 8000),
(206, 'Brikama', 52, 20000),
(207, 'Brisbane', 93, 1215000),
(208, 'Bristol', 85, 420000),
(209, 'Brno', 13, 388000),
(210, 'Bruges', 6, 118000),
(211, 'Brüsszel', 6, 970000),
(212, 'Buchanan', 170, 24000),
(213, 'Budapest', 90, 2115000),
(214, 'Buenos Aires', 56, 2923000),
(215, 'Bujumbura', 12, 273000),
(216, 'Bukarest', 57, 1990000),
(217, 'Bukaru', 182, 171000),
(218, 'Bulawayo', 112, 429000),
(219, 'Bumthang', 181, 11000),
(220, 'Buraidah', 159, 70000),
(221, 'Burao', 162, 300000),
(222, 'Burgas', 10, 198000),
(223, 'Bursa', 70, 614000),
(224, 'Bururi', 12, 8000),
(225, 'Butare', 166, 22000),
(226, 'Bydgoszcz', 97, 373000),
(227, 'Caaguazu', 139, 20000),
(228, 'Cabimas', 96, 217000),
(229, 'Cagayan de Oro', 175, 343000),
(230, 'Cagliari', 53, 222000),
(231, 'Calcutta', 14, 3305000),
(232, 'Calgary', 173, 636000),
(233, 'Cali', 67, 1400000),
(234, 'Callao', 73, 560000),
(235, 'Cam Ranh', 84, 118000),
(236, 'Camaguey', 25, 275000),
(237, 'Campinas', 177, 841000),
(238, 'Can Tho', 84, 183000),
(239, 'Canala', 190, 4000),
(240, 'Canberra', 93, 289000),
(241, 'Canea', 33, 47000),
(242, 'Cantchungo', 117, 5000),
(243, 'Cape Coast', 176, 59000),
(244, 'Cape Town', 126, 1912000),
(245, 'Cap-Haitien', 19, 68000),
(246, 'Caracas', 96, 1276000),
(247, 'Carolina', 79, 179000),
(248, 'Cartagena', 67, 491000),
(249, 'Cartago', 4, 101000),
(250, 'Casablanca', 140, 2904000),
(251, 'Cascade', 154, 3000),
(252, 'Castries', 193, 53000),
(253, 'Cataao', 79, 35000),
(254, 'Catania', 53, 372000),
(255, 'Catio', 117, 5000),
(256, 'Caugas', 79, 137000),
(257, 'Cayenne', 30, 40000),
(258, 'Cayey', 79, 48000),
(259, 'Cebu', 175, 624000),
(260, 'Ceske Budejovice', 13, 95000),
(261, 'Changchun', 38, 1557000),
(262, 'Charleroi', 6, 209000),
(263, 'Charlestown', 186, 1000),
(264, 'Charlotte Amalie', 111, 19000),
(265, 'Chegutu', 112, 27000),
(266, 'Chengdu', 38, 1614000),
(267, 'Chiali', 80, 255000),
(268, 'Chiang Mai', 153, 158000),
(269, 'Chibato', 144, 26000),
(270, 'Chicago', 129, 2726000),
(271, 'Chiclayo', 73, 395000),
(272, 'Chihuahua', 36, 407000),
(273, 'Chililabombwe', 110, 82000),
(274, 'Chimbote', 73, 279000),
(275, 'Chinandega', 76, 68000),
(276, 'Chingola', 110, 194000),
(277, 'Chinhoyi', 112, 24000),
(278, 'Chiquimula', 11, 43000),
(279, 'Chisimaayo', 162, 200000),
(280, 'Chittagong', 7, 980000),
(281, 'Chitungwiza', 112, 202000),
(282, 'Chogbalsan', 54, 23000),
(283, 'Choluteca', 86, 65000),
(284, 'Chon Buri', 153, 120000),
(285, 'Chongjin', 164, 754000),
(286, 'Chongqing', 38, 2179000),
(287, 'Chonju', 16, 426000),
(288, 'Christchurch', 149, 301000),
(289, 'Christianshab', 183, 2000),
(290, 'Christiansted', 111, 3000),
(291, 'Chungli', 80, 248000),
(292, 'Cienfugeos', 25, 116000),
(293, 'Ciudad Bolivar', 96, 268000),
(294, 'Ciudad Guayana', 96, 510000),
(295, 'Ciudad Juarez', 36, 567000),
(296, 'Coban', 11, 44000),
(297, 'Cochabamba', 188, 381000),
(298, 'Codrington', 9, 1000),
(299, 'Coimbra', 79, 75000),
(300, 'Cojutepeque', 31, 31000),
(301, 'Colombo', 89, 683000),
(302, 'Colon', 48, 20000),
(303, 'Comayagua', 86, 32000),
(304, 'Comilla', 7, 184000),
(305, 'Conakry', 133, 705000),
(306, 'Concepcion', 61, 294000),
(307, 'Concepcion', 139, 26000),
(308, 'Constanta', 57, 328000),
(309, 'Constantine', 5, 441000),
(310, 'Cordoba', 56, 984000),
(311, 'Cordoba', 59, 298000),
(312, 'Cork', 37, 174000),
(313, 'Coronel Ovideo', 139, 22000),
(314, 'Corozal', 124, 10000),
(315, 'Corriverton', 115, 11000),
(316, 'Cotonou', 114, 487000),
(317, 'Coventry', 85, 323000),
(318, 'Craiova', 57, 281000),
(319, 'Cruz Bay', 111, 2000),
(320, 'Csardzson', 109, 160000),
(321, 'Csimkent', 29, 400000),
(322, 'Cucuta', 67, 357000),
(323, 'Cuenca', 63, 218000),
(324, 'Culiacan', 36, 560000),
(325, 'Cumana', 96, 255000),
(326, 'Curepipe', 123, 65000),
(327, 'Curitiba', 177, 1279000),
(328, 'Cuzco', 73, 255000),
(329, 'Cyangugu', 166, 8000),
(330, 'Da Nang', 84, 492000),
(331, 'Dacca', 7, 2366000),
(332, 'Dakar', 174, 1382000),
(333, 'Dakhla', 158, 18000),
(334, 'Dalian', 38, 1619000),
(335, 'Dallas', 129, 991000),
(336, 'Daloa', 120, 80000),
(337, 'Damascus', 75, 1292000),
(338, 'Dammam', 159, 200000),
(339, 'Dangriga', 124, 8000),
(340, 'Danli', 86, 20000),
(341, 'Dar\' a', 75, 50000),
(342, 'Dar es Salaam', 169, 769000),
(343, 'Darhan', 54, 80000),
(344, 'Darna', 156, 30000),
(345, 'Darwin', 93, 69000),
(346, 'Daugavpils', 41, 128000),
(347, 'Davao', 175, 836000),
(348, 'Davia', 48, 51000),
(349, 'Dayr az-Zawr', 75, 92000),
(350, 'Debre Markos', 42, 40000),
(351, 'Debrecen', 90, 220000),
(352, 'Dededo', 103, 44000),
(353, 'Dehivala', 89, 191000),
(354, 'Denver', 129, 460000),
(355, 'Dessye', 42, 76000),
(356, 'Detroit', 129, 970000),
(357, 'Dhamar', 34, 30000),
(358, 'Differdange', 92, 14000),
(359, 'Dijon', 105, 146000),
(360, 'Dikhil', 26, 44000),
(361, 'Diourbel', 174, 55000),
(362, 'Dire Dawa', 42, 98000),
(363, 'Diyarbakir', 70, 305000),
(364, 'Djerba', 108, 92000),
(365, 'Djibouti', 26, 290000),
(366, 'Dnyetropetrovszk', 66, 1179000),
(367, 'Doba', 18, 64000),
(368, 'Dodoma', 169, 46000),
(369, 'Doha', 127, 217000),
(370, 'Dortmund', 51, 568000),
(371, 'Douala', 60, 1117000),
(372, 'Drammen', 83, 52000),
(373, 'Dresden', 51, 521000),
(374, 'Dubai', 119, 266000),
(375, 'Dublin', 37, 921000),
(376, 'Ducos', 146, 5000),
(377, 'Duisburg', 51, 515000),
(378, 'Dumbea', 190, 6000),
(379, 'Dunedin', 149, 107000),
(380, 'Durban', 126, 982000),
(381, 'Durres', 1, 79000),
(382, 'Dusanbe', 180, 604000),
(383, 'Düsseldorf', 51, 561000),
(384, 'East London', 126, 194000),
(385, 'Ech-Cheliff', 5, 130000),
(386, 'Edinburgh', 85, 420000),
(387, 'Edmonton', 173, 574000),
(388, 'Egedesminde', 183, 3000),
(389, 'Eindhoven', 35, 191000),
(390, 'El Beida', 34, 9000),
(391, 'El Progreso', 86, 61000),
(392, 'Elbasan', 1, 78000),
(393, 'Eldoret', 69, 60000),
(394, 'Encarnacion', 139, 31000),
(395, 'Enschede', 35, 145000),
(396, 'Entebbe', 190, 21000),
(397, 'Erdenedalay', 54, 43000),
(398, 'Esbjerg', 15, 81000),
(399, 'Esch', 92, 24000),
(400, 'Eschen', 94, 3000),
(401, 'Escuintla', 11, 77000),
(402, 'Eskisehir', 70, 367000),
(403, 'Esmeraldes', 63, 115000),
(404, 'Espoo', 30, 168000),
(405, 'Essen', 51, 615000),
(406, 'Esteli', 76, 31000),
(407, 'Faisalabad', 65, 1104000),
(408, 'Fajardo', 79, 37000),
(409, 'Famagusta', 28, 41000),
(410, 'Farefenni', 52, 10000),
(411, 'Farim', 117, 4000),
(412, 'Fatatogo', 111, 2000),
(413, 'Fernando de la Mora', 139, 72000),
(414, 'Fez', 140, 933000),
(415, 'Fiarnarantsoa', 87, 111000),
(416, 'Fier', 1, 40000),
(417, 'Filingue', 102, 11000),
(418, 'Firenze', 53, 421000),
(419, 'Flemcen', 5, 127000),
(420, 'Fomboni', 151, 6000),
(421, 'Fortaleza', 177, 1584000),
(422, 'Fort-de-France', 146, 110000),
(423, 'Foumban', 60, 41000),
(424, 'Francistown', 121, 49000),
(425, 'Frankfurt', 51, 592000),
(426, 'Frederikshab', 183, 2000),
(427, 'Frederiksted', 111, 4000),
(428, 'Freeport', 142, 24000),
(429, 'Freetown', 191, 470000),
(430, 'Fukuoka', 27, 1204000),
(431, 'Funafuti', 109, 3000),
(432, 'Funchal', 79, 44000),
(433, 'Gabes', 108, 92000),
(434, 'Gaborone', 121, 111000),
(435, 'Gabu', 117, 8000),
(436, 'Gafsu', 108, 61000),
(437, 'Gagnoa', 120, 42000),
(438, 'Galati', 57, 295000),
(439, 'Galle', 89, 109000),
(440, 'Galway', 37, 47000),
(441, 'Gao', 95, 31000),
(442, 'Garoua', 60, 102000),
(443, 'Gavle', 62, 88000),
(444, 'Gaziantep', 70, 466000),
(445, 'Gdansk', 97, 469000),
(446, 'Geelong', 93, 149000),
(447, 'General Santos', 175, 230000),
(448, 'Genf', 74, 164000),
(449, 'Genoa', 53, 722000),
(450, 'George Town', 118, 14000),
(451, 'Georgetown', 52, 3000),
(452, 'Georgetown', 115, 200000),
(453, 'Georgetown', 160, 251000),
(454, 'Georgetown', 46, 1000),
(455, 'Germiston', 126, 117000),
(456, 'Ghazni', 122, 32000),
(457, 'Ghent', 6, 233000),
(458, 'Giohar', 162, 14000),
(459, 'Gisborne', 149, 32000),
(460, 'Gisengi', 166, 12000),
(461, 'Gitega', 12, 95000),
(462, 'Giza', 32, 1671000),
(463, 'Gjabdza', 22, 300000),
(464, 'Glasgow', 85, 765000),
(465, 'Godhavn', 183, 1000),
(466, 'Goiania', 177, 923000),
(467, 'Gold Coast', 93, 220000),
(468, 'Gomel', 124, 500000),
(469, 'Gonaires', 19, 36000),
(470, 'Gondar', 42, 81000),
(471, 'Goroka', 155, 22000),
(472, 'Gouyave', 183, 2000),
(473, 'Göteborg', 62, 431000),
(474, 'Granada', 76, 89000),
(475, 'Granada', 59, 257000),
(476, 'Graz', 3, 243000),
(477, 'Grenoble', 105, 160000),
(478, 'Groningen', 35, 168000),
(479, 'Guadalajara', 36, 1626000),
(480, 'Guangzhou', 38, 2718000),
(481, 'Guantanamo', 25, 193000),
(482, 'Guatemala City', 11, 1057000),
(483, 'Guayama', 79, 43000),
(484, 'Guayaquil', 63, 1699000),
(485, 'Guaynabo', 79, 93000),
(486, 'Gujranwala', 65, 659000),
(487, 'Gulu', 190, 18000),
(488, 'Gunjur', 52, 7000),
(489, 'Gweru', 112, 79000),
(490, 'Győr', 90, 132000),
(491, 'Haarlem', 35, 149000),
(492, 'Haeju', 164, 213000),
(493, 'Hafnarfjordhur', 99, 14000),
(494, 'Hága', 35, 444000),
(495, 'Haifa', 23, 223000),
(496, 'Haiphong', 84, 1279000),
(497, 'Hajja', 34, 8000),
(498, 'Halifax', 173, 114000),
(499, 'Hama', 75, 214000),
(500, 'Hamburg', 51, 1571000),
(501, 'Hamhung', 164, 325000),
(502, 'Hamilton', 114, 3000),
(503, 'Hamilton', 173, 307000),
(504, 'Hamilton', 149, 104000),
(505, 'Hannover', 51, 506000),
(506, 'Hanoi', 84, 2674000),
(507, 'Haradh', 159, 100000),
(508, 'Harar', 42, 63000),
(509, 'Harare', 112, 681000),
(510, 'Harbel', 170, 66000),
(511, 'Harbin', 38, 2328000),
(512, 'Hargeysa', 162, 400000),
(513, 'Harkov', 66, 1611000),
(514, 'Harper', 170, 12000),
(515, 'Hasaken', 75, 73000),
(516, 'Hat Yai', 153, 94000),
(517, 'Havanna', 25, 2059000),
(518, 'Helsingborg', 62, 107000),
(519, 'Helsingor', 15, 57000),
(520, 'Helsinki', 30, 492000),
(521, 'Helwan', 32, 352000),
(522, 'Herat', 122, 177000),
(523, 'Heredia', 4, 63000),
(524, 'Hermosillo', 36, 341000),
(525, 'Herning', 15, 56000),
(526, 'Hidd', 142, 7000),
(527, 'Hienghene', 190, 2000),
(528, 'Hiroshima', 27, 1073000),
(529, 'Ho', 176, 38000),
(530, 'Ho Chi Minh City', 84, 3420000),
(531, 'Hobart', 93, 180000),
(532, 'Hodeida', 34, 155000),
(533, 'Holguin', 25, 218000),
(534, 'Holon', 23, 140000),
(535, 'Holsteinborg', 183, 5000),
(536, 'Homs', 75, 431000),
(537, 'Honiara', 157, 30000),
(538, 'Honolulu', 129, 376000),
(539, 'Horsens', 15, 55000),
(540, 'Hospitalet', 59, 278000),
(541, 'Houailu', 190, 1000),
(542, 'Houston', 129, 1610000),
(543, 'Hradec Kralove', 13, 100000),
(544, 'Hsinchu', 80, 310000),
(545, 'Huambo', 9, 62000),
(546, 'Huancayo', 73, 199000),
(547, 'Hue', 84, 209000),
(548, 'Hufuf', 159, 101000),
(549, 'Hungnam', 164, 400000),
(550, 'Husavik', 99, 3000),
(551, 'Hyderabad', 14, 2151000),
(552, 'Hyderabad', 65, 752000),
(553, 'Iasi', 57, 313000),
(554, 'Ibadan', 179, 1201000),
(555, 'Ibaque', 67, 269000),
(556, 'Idlib', 75, 52000),
(557, 'Iguitos', 73, 248000),
(558, 'Ilesha', 179, 318000),
(559, 'Iloilo', 175, 285000),
(560, 'Ilorin', 179, 400000),
(561, 'Inchon', 16, 1387000),
(562, 'Indore', 14, 829000),
(563, 'Innsbruck', 3, 117000),
(564, 'Invercargill', 149, 52000),
(565, 'Ipon', 160, 301000),
(566, 'Iraklion', 33, 102000),
(567, 'Irbid', 118, 162000),
(568, 'Irbil', 21, 334000),
(569, 'Isa Town', 142, 21000),
(570, 'Isafjorour', 99, 3000),
(571, 'Isfahan', 116, 987000),
(572, 'Islamabad', 65, 204000),
(573, 'Isztambul', 70, 5495000),
(574, 'Izmir', 70, 1490000),
(575, 'Jaffha', 89, 143000),
(576, 'Jahra', 40, 111000),
(577, 'Jaipur', 14, 977000),
(578, 'Jakarta', 145, 6503000),
(579, 'Jakobshavn', 183, 4000),
(580, 'Jalalabad', 122, 58000),
(581, 'Jarash', 118, 32000),
(582, 'Jayapura', 145, 150000),
(583, 'Jeddah', 159, 1500000),
(584, 'Jekatyerinburg', 81, 1367000),
(585, 'Jelgava', 41, 75000),
(586, 'Jereván', 55, 1300000),
(587, 'Jeruzsálem', 23, 469000),
(588, 'Jessore', 7, 149000),
(589, 'Jidhafs', 142, 48000),
(590, 'Jimma', 42, 64000),
(591, 'Jinan', 38, 1257000),
(592, 'Jinja', 190, 53000),
(593, 'Jisan', 159, 33000),
(594, 'Johannesburg', 126, 1609000),
(595, 'Johore Bahru', 160, 270000),
(596, 'Jonköping', 62, 110000),
(597, 'Julianehab', 183, 3000),
(598, 'Jumla', 58, 132000),
(599, 'Jurong', 71, 53000),
(600, 'Jyvaskyla', 30, 66000),
(601, 'Kabul', 122, 1424000),
(602, 'Kabwe', 110, 200000),
(603, 'Kadoma', 112, 45000),
(604, 'Kaedi', 167, 21000),
(605, 'Kaesong', 164, 346000),
(606, 'Kairó', 32, 11000000),
(607, 'Kairouan', 108, 72000),
(608, 'Kalemie', 182, 172000),
(609, 'Kalulushi', 110, 94000),
(610, 'Kamina', 182, 160000),
(611, 'Kampala', 190, 459000),
(612, 'Kananga', 182, 291000),
(613, 'Kandy', 89, 130000),
(614, 'Kankan', 133, 89000),
(615, 'Kano', 179, 566000),
(616, 'Kanpur', 14, 1482000),
(617, 'Kanye', 121, 20000),
(618, 'Kaohsiung', 80, 1343000),
(619, 'Kaolack', 174, 132000),
(620, 'Karachi', 65, 5208000),
(621, 'Karaganda', 29, 615000),
(622, 'Karaj', 116, 527000),
(623, 'Karbala', 21, 185000),
(624, 'Karonga', 160, 13000),
(625, 'Kassa', 72, 229000),
(626, 'Kassala', 106, 100000),
(627, 'Kathmandu', 58, 235000),
(628, 'Katowice', 97, 369000),
(629, 'Kaunas', 43, 430000),
(630, 'Kavalla', 33, 57000),
(631, 'Kawasaki', 27, 1143000),
(632, 'Kaya', 42, 26000),
(633, 'Kayes', 95, 45000),
(634, 'Kayseri', 70, 378000),
(635, 'Kecskemét', 90, 106000),
(636, 'Keelung', 80, 352000),
(637, 'Keetmanshoop', 131, 11000),
(638, 'Keflavik', 99, 7000),
(639, 'Kelo', 18, 18000),
(640, 'Kenema', 191, 13000),
(641, 'Kenitra', 140, 833000),
(642, 'Kericho', 69, 11000),
(643, 'Kerman', 116, 257000),
(644, 'Khamis-Mushait', 159, 50000),
(645, 'Khammouane', 44, 13000),
(646, 'Khartoum', 106, 476000),
(647, 'Khon Kaen', 153, 131000),
(648, 'Khulna', 7, 646000),
(649, 'Kiffa', 167, 11000),
(650, 'Kigali', 166, 157000),
(651, 'Kijev', 66, 2590000),
(652, 'Kikwit', 182, 147000),
(653, 'Kimchaek', 164, 281000),
(654, 'Kingston', 136, 525000),
(655, 'Kingston upon Hall', 85, 325000),
(656, 'Kingstown', 46, 19000),
(657, 'Kinshasa', 182, 2654000),
(658, 'Kirkuk', 21, 535000),
(659, 'Kirovakan', 55, 159000),
(660, 'Kisangani', 182, 283000),
(661, 'Kisuma', 69, 167000),
(662, 'Kitakyushu', 27, 1039000),
(663, 'Kitale', 69, 14000),
(664, 'Kitwe', 110, 472000),
(665, 'Klagenfurt', 3, 87000),
(666, 'Klaipeda', 43, 206000),
(667, 'Kobe', 27, 1448000),
(668, 'Koforidua', 176, 59000),
(669, 'Kolding', 15, 57000),
(670, 'Kolozsvár', 57, 310000),
(671, 'Kompong Cham', 125, 213000),
(672, 'Koniz', 74, 36000),
(673, 'Konya', 70, 439000),
(674, 'Kopavogur', 99, 15000),
(675, 'Koppenhága', 15, 1352000),
(676, 'Korce', 1, 62000),
(677, 'Korhogo', 120, 53000),
(678, 'Kortrijk', 6, 76000),
(679, 'Kosti', 106, 65000),
(680, 'Kota Bahru', 160, 171000),
(681, 'Kota Kinabalu', 160, 56000),
(682, 'Kothla-Jarve', 17, 76000),
(683, 'Kotka', 30, 60000),
(684, 'Koudougou', 42, 52000),
(685, 'Koumra', 18, 20000),
(686, 'Kourou', 30, 7000),
(687, 'Kowloon', 86, 2400000),
(688, 'Köln', 51, 914000),
(689, 'Krakkó', 97, 745000),
(690, 'Kralendijk', 19, 1000),
(691, 'Kristiansand', 83, 63000),
(692, 'Kuala Belait', 171, 19000),
(693, 'Kuala Lumpur', 160, 938000),
(694, 'Kuantan', 160, 137000),
(695, 'Kuching', 160, 74000),
(696, 'Kudzand', 180, 160000),
(697, 'Kugoshima', 27, 536000),
(698, 'Kumajri', 55, 120000),
(699, 'Kumanovo', 90, 63000),
(700, 'Kumasi', 176, 385000),
(701, 'Kumba', 60, 54000),
(702, 'Kuopio', 30, 79000),
(703, 'Kupang', 145, 403000),
(704, 'Kutaiszi', 103, 235000),
(705, 'Kuwait', 40, 44000),
(706, 'Kwangju', 16, 906000),
(707, 'Kyoto', 27, 1475000),
(708, 'La Ceibra', 86, 66000),
(709, 'La Chorrera', 48, 39000),
(710, 'La Goulette', 108, 62000),
(711, 'La Paz', 188, 1057000),
(712, 'La Plata', 56, 565000),
(713, 'La Romana', 163, 101000),
(714, 'La Trinite', 146, 10000),
(715, 'La Vega', 163, 61000),
(716, 'Laayoune', 158, 94000),
(717, 'Labe', 133, 65000),
(718, 'Lae', 155, 80000),
(719, 'Lagos', 179, 1274000),
(720, 'Lahore', 65, 2953000),
(721, 'Lahti', 30, 94000),
(722, 'Lai', 18, 58000),
(723, 'Lalitpur', 58, 80000),
(724, 'Lambarene', 185, 25000),
(725, 'Larissa', 33, 103000),
(726, 'Larnaca', 28, 53000),
(727, 'Las Palmas', 59, 358000),
(728, 'Las Piedras', 91, 61000),
(729, 'Las Tunas', 25, 111000),
(730, 'Latakia', 75, 241000),
(731, 'Lausanne', 74, 126000),
(732, 'Le Francois', 146, 14000),
(733, 'Le Gosier', 103, 21000),
(734, 'Le Havre', 105, 200000),
(735, 'Le Lamentin', 146, 27000),
(736, 'Le Port', 79, 34000),
(737, 'Le Tampon', 79, 48000),
(738, 'Leeds', 85, 452000),
(739, 'Leicester', 85, 329000),
(740, 'Leipzig', 51, 549000),
(741, 'Leon', 36, 656000),
(742, 'Leon', 76, 101000),
(743, 'Leone', 111, 2000),
(744, 'Leribe', 78, 6000),
(745, 'Les Abymes', 103, 63000),
(746, 'Les Cayes', 19, 36000),
(747, 'Les Escaldes', 20, 12000),
(748, 'Leuven', 6, 84000),
(749, 'Liberec', 13, 103000),
(750, 'Liberia', 4, 33000),
(751, 'Libreville', 185, 352000),
(752, 'Liege', 6, 200000),
(753, 'Liepaja', 41, 114000),
(754, 'Likasi', 182, 194000),
(755, 'Lille', 105, 936000),
(756, 'Lilongwe', 160, 220000),
(757, 'Lima', 73, 4605000),
(758, 'Limassol', 28, 120000),
(759, 'Limbe', 60, 33000),
(760, 'Limerick', 37, 77000),
(761, 'Limon', 4, 63000),
(762, 'Linden', 115, 30000),
(763, 'Linköping', 62, 119000),
(764, 'Linz', 3, 200000),
(765, 'Liszabon', 79, 830000),
(766, 'Liverpool', 85, 545000),
(767, 'Livingstone', 110, 98000),
(768, 'Ljubljana', 64, 330000),
(769, 'Loandjili', 164, 16000),
(770, 'Lobatse', 121, 26000),
(771, 'Lobito', 9, 60000),
(772, 'Lodz', 97, 845000),
(773, 'Lome', 172, 366000),
(774, 'London', 85, 6678000),
(775, 'Los Angeles', 129, 3420000),
(776, 'Loubomo', 164, 37000),
(777, 'Luala Trengganu', 160, 187000),
(778, 'Luanda', 9, 1459000),
(779, 'Luang Prabang', 44, 44000),
(780, 'Luanshya', 110, 166000),
(781, 'Luba', 63, 22000),
(782, 'Lubango', 9, 105000),
(783, 'Lublin', 97, 333000),
(784, 'Lubumbashi', 182, 543000),
(785, 'Lucknow', 14, 896000),
(786, 'Luderitz', 131, 8000),
(787, 'Lusaka', 110, 870000),
(788, 'Lushnje', 1, 27000),
(789, 'Luxembourg', 92, 77000),
(790, 'Luzern', 74, 60000),
(791, 'Lyon', 105, 1221000),
(792, 'Macau', 92, 416000),
(793, 'Machala', 63, 159000),
(794, 'Machaze', 144, 46000),
(795, 'Madaba', 118, 26000),
(796, 'Madang', 155, 25000),
(797, 'Madras', 14, 3277000),
(798, 'Madrid', 59, 3101000),
(799, 'Madurai', 14, 821000),
(800, 'Mafeteng', 78, 5000),
(801, 'Magmana', 122, 40000),
(802, 'Mahaicony', 115, 5000),
(803, 'Mahajunga', 87, 111000),
(804, 'Mahalapye', 121, 101000),
(805, 'Mahina', 30, 10000),
(806, 'Makeni', 191, 12000),
(807, 'Malabo', 63, 60000),
(808, 'Malacca', 160, 88000),
(809, 'Malaga', 59, 566000),
(810, 'Malang', 145, 512000),
(811, 'Malanje', 9, 32000),
(812, 'Male', 132, 46000),
(813, 'Malindi', 69, 12000),
(814, 'Malmö', 62, 232000),
(815, 'Mambasa', 69, 426000),
(816, 'Man', 120, 55000),
(817, 'Manado', 145, 217000),
(818, 'Managua', 76, 682000),
(819, 'Manama', 142, 152000),
(820, 'Manaus', 177, 810000),
(821, 'Manchester', 85, 449000),
(822, 'Mandalay', 137, 533000),
(823, 'Mandaville', 136, 35000),
(824, 'Mandie', 144, 26000),
(825, 'Mango', 172, 13000),
(826, 'Manila', 175, 1987000),
(827, 'Manizales', 67, 330000),
(828, 'Mansoa', 117, 5000),
(829, 'Manta', 63, 130000),
(830, 'Manzini', 180, 18000),
(831, 'Maputo', 144, 1070000),
(832, 'Mar del Plata', 56, 415000),
(833, 'Maracaibo', 96, 1330000),
(834, 'Maracay', 96, 891000),
(835, 'Maradi', 102, 65000),
(836, 'Mari', 109, 89000),
(837, 'Maribor', 64, 186000),
(838, 'Marienburg', 82, 4000),
(839, 'Marigot', 16, 3000),
(840, 'Maroua', 60, 106000),
(841, 'Marrakech', 140, 1425000),
(842, 'Marseille', 105, 1111000),
(843, 'Marutin', 96, 261000),
(844, 'Masaka', 190, 29000),
(845, 'Masan', 16, 449000),
(846, 'Masaya', 76, 75000),
(847, 'Maseru', 78, 109000),
(848, 'Mashad', 116, 1464000),
(849, 'Masvingo', 112, 31000),
(850, 'Matadi', 182, 145000),
(851, 'Matagalpa', 76, 37000),
(852, 'Mataiea', 30, 3000),
(853, 'Matanzas', 25, 110000),
(854, 'Matrah', 147, 17000),
(855, 'Maun', 121, 15000),
(856, 'Mauren', 94, 3000),
(857, 'Mawalli', 40, 145000),
(858, 'May Pen', 136, 41000),
(859, 'Mayaguez', 79, 103000),
(860, 'Mazar-i-Sharif', 122, 131000),
(861, 'Mazatenango', 11, 39000),
(862, 'Mazatlan', 36, 250000),
(863, 'Mbabane', 180, 39000),
(864, 'Mbaiki', 184, 29000),
(865, 'Mbale', 190, 28000),
(866, 'Mbandaka', 182, 125000),
(867, 'Mbarara', 190, 23000),
(868, 'Mbeya', 169, 77000),
(869, 'Mbini', 63, 16000),
(870, 'Mbuji-Mayi', 182, 423000),
(871, 'Mecca', 159, 550000),
(872, 'Mechelen', 6, 76000),
(873, 'Medan', 145, 1379000),
(874, 'Medellin', 67, 1419000),
(875, 'Medina', 159, 290000),
(876, 'Mekele', 42, 62000),
(877, 'Meknes', 140, 704000),
(878, 'Melbourne', 93, 2964000),
(879, 'Melo', 91, 42000),
(880, 'Mendoza', 56, 606000),
(881, 'Mercedes', 91, 37000),
(882, 'Merida', 36, 425000),
(883, 'Merida', 96, 259000),
(884, 'Merka', 162, 60000),
(885, 'Mersin (Icel)', 70, 314000),
(886, 'Messina', 53, 271000),
(887, 'Mexicali', 36, 511000),
(888, 'Mexikóváros', 36, 8831000),
(889, 'Mhlume', 180, 7000),
(890, 'Miami', 129, 352000),
(891, 'Milánó', 53, 1479000),
(892, 'Minas', 91, 35000),
(893, 'Mindelo', 130, 37000),
(894, 'Minszk', 124, 1590000),
(895, 'Miskolc', 90, 208000),
(896, 'Misurata', 156, 122000),
(897, 'Mitsamiouli', 151, 3000),
(898, 'Mochudi', 121, 18000),
(899, 'Moengo', 82, 2000),
(900, 'Mogadishu', 162, 1000000),
(901, 'Mogilev', 124, 360000),
(902, 'Molepolole', 121, 21000),
(903, 'Monaco', 49, 2000),
(904, 'Mongwa', 137, 107000),
(905, 'Monrovia', 170, 425000),
(906, 'Mons', 6, 90000),
(907, 'Monte Carlo', 49, 13000),
(908, 'Montego Bay', 136, 70000),
(909, 'Monterrey', 36, 1090000),
(910, 'Montevideo', 91, 1248000),
(911, 'Montpellier', 105, 201000),
(912, 'Montreal', 173, 2921000),
(913, 'Mopti', 95, 54000),
(914, 'Moratuwa', 89, 138000),
(915, 'Morne-a-I\' Eau', 103, 16000),
(916, 'Moroni', 151, 21000),
(917, 'Mossendjo', 164, 12000),
(918, 'Mosul', 21, 571000),
(919, 'Moszkva', 81, 8769000),
(920, 'Mouila', 185, 16000),
(921, 'Moule', 103, 18000),
(922, 'Moulmein', 137, 220000),
(923, 'Moundou', 18, 87000),
(924, 'Mount Hagen', 155, 13000),
(925, 'Mufalira', 110, 199000),
(926, 'Muharraq', 142, 78000),
(927, 'Mukalla', 34, 154000),
(928, 'Multan', 65, 730000),
(929, 'Murcia', 59, 305000),
(930, 'Muscat', 147, 50000),
(931, 'Mutare', 112, 70000),
(932, 'Mutsamudu', 151, 13000),
(933, 'München', 51, 1275000),
(934, 'Mwanza', 169, 111000),
(935, 'My Tho', 84, 120000),
(936, 'Mymensingh', 7, 191000),
(937, 'Mzuzu', 160, 115000),
(938, 'N\' Djamena', 18, 512000),
(939, 'Nacala', 144, 102000),
(940, 'Nadi', 143, 7000),
(941, 'Naestved', 15, 38000),
(942, 'Nagasaki', 27, 448000),
(943, 'Nagoya', 27, 2148000),
(944, 'Nagpur', 14, 1219000),
(945, 'Nagyvárad', 57, 214000),
(946, 'Nairobi', 69, 1104000),
(947, 'Nakhon Ratchasima', 153, 207000),
(948, 'Nakhon Si Thammarat', 153, 102000),
(949, 'Nakura', 69, 102000),
(950, 'Nalayh', 54, 15000),
(951, 'Nam Dinh', 84, 161000),
(952, 'Namangau', 138, 310000),
(953, 'Namibe', 9, 100000),
(954, 'Nampo', 164, 691000),
(955, 'Nampula', 144, 197000),
(956, 'Namur', 6, 103000),
(957, 'Nanjing', 38, 1972000),
(958, 'Nanortalik', 183, 1000),
(959, 'Nantes', 105, 247000),
(960, 'Nanyuki', 69, 15000),
(961, 'Napier-Hastings', 149, 108000),
(962, 'Nápoly', 53, 1201000),
(963, 'Narayanganj', 7, 271000),
(964, 'Narsarsuaq', 183, 2000),
(965, 'Narva', 17, 82000),
(966, 'Nassan', 142, 135000),
(967, 'Natitingou', 114, 51000),
(968, 'Nazret', 42, 76000),
(969, 'Ndola', 110, 443000),
(970, 'Nee Soon', 71, 39000),
(971, 'Negombo', 89, 61000),
(972, 'Nelson', 149, 45000),
(973, 'Neskaupstaour', 99, 2000),
(974, 'New Amsterdam', 115, 20000),
(975, 'New Plymouth', 149, 48000),
(976, 'New York', 129, 7033000),
(977, 'Newcastle', 93, 419000),
(978, 'Ngamaba-Mfilou', 164, 25000),
(979, 'Ngozi', 12, 4000),
(980, 'Nha Trang', 84, 216000),
(981, 'Nhlangano', 180, 4000),
(982, 'Niagara Falls', 173, 72000),
(983, 'Niamey', 102, 398000),
(984, 'Nice', 105, 338000),
(985, 'Nicosia', 28, 167000),
(986, 'Nieuw Nickerie', 82, 8000),
(987, 'Niigata', 27, 483000),
(988, 'Nijmegen', 35, 146000),
(989, 'Nis', 118, 230000),
(990, 'Nizwa', 147, 10000),
(991, 'Nkayi', 164, 38000),
(992, 'Nkhotakota', 160, 11000),
(993, 'Nkongsamba', 60, 112000),
(994, 'Norrköping', 62, 119000),
(995, 'Nottingham', 85, 277000),
(996, 'Nouadhibou', 167, 22000),
(997, 'Nouakhott', 167, 500000),
(998, 'Noumea', 190, 66000),
(999, 'Nova Iguacu', 177, 1319000),
(1000, 'Novoszibirksz', 81, 1436000),
(1001, 'Nueva San Salvador', 31, 52000),
(1002, 'Nuku\' Alofa', 107, 29000),
(1003, 'Nuuk (Godthab)', 183, 12000),
(1004, 'Nürnberg', 51, 467000),
(1005, 'Nyabisinda', 166, 10000),
(1006, 'Nyeri', 69, 36000),
(1007, 'Nyíregyháza', 90, 119000),
(1008, 'Nyizsnyij-Novgorod', 81, 1438000),
(1009, 'Nzerekore', 133, 23000),
(1010, 'Obock', 26, 32000),
(1011, 'Odense', 15, 174000),
(1012, 'Odessza', 66, 1115000),
(1013, 'Ogbomosho', 179, 613000),
(1014, 'Olomouc', 13, 106000),
(1015, 'Omdurman', 106, 530000),
(1016, 'Onitsha', 179, 312000),
(1017, 'Oostende', 6, 68000),
(1018, 'Oporto', 79, 347000),
(1019, 'Oran', 5, 629000),
(1020, 'Orange Walk', 124, 10000),
(1021, 'Oranjestad', 56, 20000),
(1022, 'Orumiyen', 116, 301000),
(1023, 'Oruro', 188, 196000),
(1024, 'Os', 38, 215000),
(1025, 'Osaka', 27, 2645000),
(1026, 'Oshogbo', 179, 400000),
(1027, 'Osijek', 101, 165000),
(1028, 'Osló', 83, 456000),
(1029, 'Ostrava', 13, 330000),
(1030, 'Otjiwarongo', 131, 9000),
(1031, 'Ottawa', 173, 819000),
(1032, 'Ouagadougou', 42, 442000),
(1033, 'Ouahigouya', 42, 39000),
(1034, 'Oujda', 140, 895000),
(1035, 'Oulu', 30, 99000),
(1036, 'Oyem', 185, 14000),
(1037, 'Örebro', 62, 120000),
(1038, 'Pago Pago', 111, 3000),
(1039, 'Pakse', 44, 45000),
(1040, 'Palembang', 145, 787000),
(1041, 'Palermo', 53, 729000),
(1042, 'Palime', 172, 32000),
(1043, 'Palma', 59, 307000),
(1044, 'Palmerston North', 149, 68000),
(1045, 'Pamplona', 59, 179000),
(1046, 'Panama City', 48, 688000),
(1047, 'Panchiao', 80, 506000),
(1048, 'Pangang', 145, 481000),
(1049, 'Pantarenas', 4, 86000),
(1050, 'Papara', 30, 6000),
(1051, 'Papette', 30, 24000),
(1052, 'Parakou', 114, 66000),
(1053, 'Paramaribo', 82, 104000),
(1054, 'Pardubice', 13, 95000),
(1055, 'Párizs', 105, 8707000),
(1056, 'Paro', 181, 3000),
(1057, 'Patras', 33, 142000),
(1058, 'Paysandu', 91, 75000),
(1059, 'Pécs', 90, 189000),
(1060, 'Pedro Juan Caballero', 139, 80000),
(1061, 'Pegu', 137, 150000),
(1062, 'Pentionville', 19, 37000),
(1063, 'Pereira', 67, 390000),
(1064, 'Pernik', 10, 97000),
(1065, 'Perth', 93, 1083000),
(1066, 'Peshawar', 65, 566000),
(1067, 'Petach-Tikva', 23, 131000),
(1068, 'Petange', 92, 12000),
(1069, 'Petit Bourg', 103, 15000),
(1070, 'Philadelphia', 129, 1543000),
(1071, 'Philipsburg', 19, 6000),
(1072, 'Phitsanulok', 153, 80000),
(1073, 'Phnom Penh', 125, 750000),
(1074, 'Phoenix', 129, 972000),
(1075, 'Phuntsholing', 181, 10000),
(1076, 'Pietermaritzburg', 126, 134000),
(1077, 'Pigg\'s Peak', 180, 3000),
(1078, 'Pilar', 139, 26000),
(1079, 'Pinar del Rio', 25, 112000),
(1080, 'Pireusz', 33, 197000),
(1081, 'Pispek', 38, 626000),
(1082, 'Piura', 73, 297000),
(1083, 'Pleven', 10, 134000),
(1084, 'Ploiesti', 57, 235000),
(1085, 'Plovdiv', 10, 357000),
(1086, 'Plzen', 13, 175000),
(1087, 'Pointe-Noire', 164, 298000),
(1088, 'Pointe-u-Pitre', 103, 26000),
(1089, 'Ponce', 79, 195000),
(1090, 'Pontianak', 145, 305000),
(1091, 'Pori', 30, 80000),
(1092, 'Port Elizabeth', 126, 273000),
(1093, 'Port Gentil', 185, 164000),
(1094, 'Port Harcourt', 179, 344000),
(1095, 'Port Loko', 191, 6000),
(1096, 'Port Louis', 123, 139000),
(1097, 'Port Moresby', 155, 152000),
(1098, 'Port Said', 32, 382000),
(1099, 'Port Sudan', 106, 217000),
(1100, 'Port Vila', 138, 15000),
(1101, 'Port-au-prince', 19, 473000),
(1102, 'Port-Bouet', 120, 60000),
(1103, 'Port-de-Paix', 19, 22000),
(1104, 'Porto Alegre', 177, 1272000),
(1105, 'Porto Novo', 114, 208000),
(1106, 'Port-of-Spain', 128, 58000),
(1107, 'Portoviejo', 63, 156000),
(1108, 'Portsmouth', 16, 3000),
(1109, 'Potosi', 188, 114000),
(1110, 'Poznan', 97, 586000),
(1111, 'Pozsony', 72, 430000),
(1112, 'Prága', 13, 1206000),
(1113, 'Praia', 130, 50000),
(1114, 'Pretoria', 126, 823000),
(1115, 'Prilep', 90, 63000),
(1116, 'Pristina', 118, 210000),
(1117, 'Przsevalszk', 38, 56000),
(1118, 'Pucallpa', 73, 141000),
(1119, 'Puebla de Zaragoza', 36, 836000),
(1120, 'Puerto Barrios', 11, 48000),
(1121, 'Puerto Cortes', 86, 42000),
(1122, 'Puerto Montt', 61, 113000),
(1123, 'Puerto Plata', 163, 46000),
(1124, 'Puerto Stroessner', 139, 110000),
(1125, 'Pul-i-Khomri', 122, 33000),
(1126, 'Punakha', 181, 13000),
(1127, 'Pune', 14, 1203000),
(1128, 'Punta Arenas', 61, 112000),
(1129, 'Pusan', 16, 3517000),
(1130, 'Pyongyang', 164, 2639000),
(1131, 'Pyuthan', 58, 148000),
(1132, 'Qandahar', 122, 226000),
(1133, 'Qom', 116, 543000),
(1134, 'Qonduz', 122, 57000),
(1135, 'Qormi', 47, 19000),
(1136, 'Quatre Bornes', 123, 65000),
(1137, 'Que Que', 112, 48000),
(1138, 'Quebec', 173, 165000),
(1139, 'Quezaltenango', 11, 73000),
(1140, 'Quezon', 175, 1323000),
(1141, 'Qui Nhon', 84, 214000),
(1142, 'Quito', 63, 1234000),
(1143, 'Rabat', 140, 1287000),
(1144, 'Rabaul', 155, 16000),
(1145, 'Rajshahi', 7, 254000),
(1146, 'Ramat Gan', 23, 116000),
(1147, 'Ramotswa', 121, 13000),
(1148, 'Rancagua', 61, 172000),
(1149, 'Randers', 15, 61000),
(1150, 'Rangpur', 7, 153000),
(1151, 'Raqqa', 75, 87000),
(1152, 'Ras al-Khaimah', 119, 116000),
(1153, 'Rasht', 116, 291000),
(1154, 'Rawalpindi', 65, 795000),
(1155, 'Recife', 177, 1288000),
(1156, 'Regina', 173, 175000),
(1157, 'Reims', 105, 182000),
(1158, 'Remich', 92, 12000),
(1159, 'Remine', 30, 6000),
(1160, 'Rennes', 105, 191000),
(1161, 'Retalhuleu', 11, 47000),
(1162, 'Reykjavik', 99, 96000),
(1163, 'Ribeira Grande', 130, 2000),
(1164, 'Riga', 41, 916000),
(1165, 'Rijeka', 101, 206000),
(1166, 'Rio de Janeiro', 177, 5603000),
(1167, 'Riobamba', 63, 150000),
(1168, 'Rivera', 91, 56000),
(1169, 'Riyadh', 159, 667000),
(1170, 'Road Town', 177, 4000),
(1171, 'Róma', 53, 2817000),
(1172, 'Roodepoort', 126, 142000),
(1173, 'Rosario', 56, 957000),
(1174, 'Roseau', 16, 22000),
(1175, 'Rosita', 76, 325000),
(1176, 'Roskilde', 15, 40000),
(1177, 'Rosso', 167, 16000),
(1178, 'Rotterdam', 35, 574000),
(1179, 'Ruhehgeri', 166, 16000),
(1180, 'Rumonge', 12, 5000),
(1181, 'Ruse', 10, 190000),
(1182, 'Safi', 140, 793000),
(1183, 'Saidpur', 7, 127000),
(1184, 'Saint Gallen', 74, 73000),
(1185, 'Saint George', 114, 2000),
(1186, 'Saint George\'s', 183, 8000),
(1187, 'Saint John\'s', 9, 36000),
(1188, 'Saint John\'s', 173, 96000),
(1189, 'Saint Joseph', 16, 3000),
(1190, 'Saint Laurent', 30, 5000),
(1191, 'Saint Pierre', 146, 5000),
(1192, 'Saint-Denis', 79, 121000),
(1193, 'Sainte Anne', 103, 17000),
(1194, 'Sainte Marie', 146, 18000),
(1195, 'Sainte Rose', 103, 14000),
(1196, 'Sainte-Claude', 103, 10000),
(1197, 'Saint-Etienne', 105, 207000),
(1198, 'Saint-Louis', 79, 37000),
(1199, 'Saint-Louis', 174, 97000),
(1200, 'Saint-Paul', 79, 72000),
(1201, 'Saint-Pierre', 79, 59000),
(1202, 'Sal Rei', 130, 1000),
(1203, 'Salala', 147, 10000),
(1204, 'Salamanca', 59, 156000),
(1205, 'Sallyan', 58, 152000),
(1206, 'Salmiya', 40, 153000),
(1207, 'Salt', 118, 134000),
(1208, 'Salta', 56, 261000),
(1209, 'Salto', 91, 81000),
(1210, 'Salvador', 177, 1804000),
(1211, 'Salzburg', 3, 139000),
(1212, 'Samarra', 21, 62000),
(1213, 'San Antonio', 129, 927000),
(1214, 'San Carlos', 76, 34000),
(1215, 'San Cristobal', 96, 347000),
(1216, 'San Diego', 129, 1095000),
(1217, 'San Fernando', 128, 34000),
(1218, 'San Francisco', 129, 711000),
(1219, 'San Francisco de Macoris', 163, 84000),
(1220, 'San Jose', 4, 279000),
(1221, 'San Juan', 56, 292000),
(1222, 'San Juan', 163, 50000),
(1223, 'San Juan', 79, 449000),
(1224, 'San Lorenzo', 139, 80000),
(1225, 'San Luis Potosi', 36, 407000),
(1226, 'San Marino', 77, 4000),
(1227, 'San Miguel', 31, 87000),
(1228, 'San Miguel de Tucuman', 56, 499000),
(1229, 'San Pedro de Macoris', 163, 90000),
(1230, 'San Pedro Sula', 86, 429000),
(1231, 'San Salvador', 31, 460000),
(1232, 'San Sebastian', 59, 177000),
(1233, 'Sanaa', 34, 427000),
(1234, 'Sant Pölten', 3, 50000),
(1235, 'Santa Ana', 31, 138000),
(1236, 'Santa Clara', 25, 188000),
(1237, 'Santa Cruz', 188, 628000),
(1238, 'Santa Fe', 56, 292000),
(1239, 'Santa Maria', 130, 1000),
(1240, 'Santa Rita', 103, 10000),
(1241, 'Santa Rosa de Copan', 86, 21000),
(1242, 'Santiago', 61, 4858000),
(1243, 'Santiago', 25, 390000),
(1244, 'Santiago', 163, 285000),
(1245, 'Santiago', 48, 23000),
(1246, 'Santo Antonio', 189, 1000),
(1247, 'Santo Domingo', 163, 1410000),
(1248, 'Sao Goncalo', 177, 728000),
(1249, 'Sao Paulo', 177, 10063000),
(1250, 'Sao Tome', 189, 35000),
(1251, 'Sapporo', 27, 1621000),
(1252, 'Sargodha', 65, 291000),
(1253, 'Sarh', 18, 124000),
(1254, 'Sariwon', 164, 130000),
(1255, 'Savannah', 118, 2000),
(1256, 'Savannakhet', 44, 51000),
(1257, 'Savanna-la-Mar', 136, 14000),
(1258, 'Saya Burg', 44, 14000),
(1259, 'Scarborough', 128, 6000),
(1260, 'Schaan', 94, 5000),
(1261, 'Schoelcher', 146, 16000),
(1262, 'Scoresbysund', 183, 1000),
(1263, 'Seattle', 129, 512000),
(1264, 'Sebha', 156, 29000),
(1265, 'Segon', 95, 65000),
(1266, 'Sekondi-Takoradi', 176, 104000),
(1267, 'Selebi-Phikwe', 121, 46000),
(1268, 'Semara', 158, 18000),
(1269, 'Semarang', 145, 1027000),
(1270, 'Sendai', 27, 884000),
(1271, 'Seragoon', 71, 95000),
(1272, 'Serembau', 160, 136000),
(1273, 'Seria', 171, 24000),
(1274, 'Serowe', 121, 93000),
(1275, 'Serrekunda', 52, 103000),
(1276, 'Serres', 33, 46000),
(1277, 'Serrevalle', 77, 7000),
(1278, 'Setif', 5, 170000),
(1279, 'Setubal', 79, 78000),
(1280, 'Sevilla', 59, 655000),
(1281, 'Sfax', 108, 232000),
(1282, 'Shabani', 112, 27000),
(1283, 'Shanghai', 38, 7112000),
(1284, 'Sharjah', 119, 125000),
(1285, 'Sheffield', 85, 477000),
(1286, 'Shenyang', 38, 3412000),
(1287, 'Shiraz', 116, 848000),
(1288, 'Shkoder', 1, 76000),
(1289, 'Shumen', 10, 106000),
(1290, 'Sialkot', 65, 302000),
(1291, 'Siauliai', 43, 148000),
(1292, 'Sidi-Bel-Abbes', 5, 153000),
(1293, 'Sidon', 135, 100000),
(1294, 'Siguatepeque', 86, 26000),
(1295, 'Sikasso', 95, 47000),
(1296, 'Singapore City', 71, 2487000),
(1297, 'Sinnamary', 30, 2000),
(1298, 'Sint Nicolaas', 56, 17000),
(1299, 'Siteki', 180, 2000),
(1300, 'Sittwe (Akyab)', 137, 108000),
(1301, 'Siuiju', 164, 500000),
(1302, 'Skelleftea', 62, 74000),
(1303, 'Skikda', 5, 129000),
(1304, 'Skopje', 90, 505000),
(1305, 'Sliema', 47, 14000),
(1306, 'Sliven', 10, 107000),
(1307, 'Sokode', 172, 48000),
(1308, 'Songkhla', 153, 173000),
(1309, 'Sonsonate', 31, 47000),
(1310, 'Sosnowiec', 97, 260000),
(1311, 'Sousse', 108, 84000),
(1312, 'Spanish Town', 177, 1000),
(1313, 'Spanish Town', 136, 89000),
(1314, 'Split', 101, 207000),
(1315, 'Stanley', 42, 1000),
(1316, 'Stara Zagora', 10, 156000),
(1317, 'Stavanger', 83, 97000),
(1318, 'Steyr', 3, 38000),
(1319, 'Stockholm', 62, 669000),
(1320, 'Strasbourg', 105, 252000),
(1321, 'Stuttgart', 51, 565000),
(1322, 'Sucre', 188, 96000),
(1323, 'Suez', 32, 265000),
(1324, 'Sukkertoppen', 183, 3000),
(1325, 'Sukuta', 52, 7000),
(1326, 'Sullana', 73, 146000),
(1327, 'Sundsvall', 62, 93000),
(1328, 'Sunyani', 176, 39000),
(1329, 'Surabaya', 145, 2028000),
(1330, 'Surakarta', 145, 470000),
(1331, 'Surat', 14, 777000),
(1332, 'Suva', 143, 70000),
(1333, 'Suwan', 16, 431000),
(1334, 'Swakopmund', 131, 7000),
(1335, 'Sydney', 93, 3531000),
(1336, 'Sylhet', 7, 168000),
(1337, 'Szabadka', 118, 154000),
(1338, 'Szaloniki', 33, 406000),
(1339, 'Szamarkand', 138, 370000),
(1340, 'Szarajevo', 8, 449000),
(1341, 'Szczecin', 97, 396000),
(1342, 'Szeged', 90, 189000),
(1343, 'Székesfehérvár', 90, 114000),
(1344, 'Szemipalatyinszk', 29, 335000),
(1345, 'Szentpétervár', 81, 5020000),
(1346, 'Szófia', 10, 1129000),
(1347, 'Szolnok', 90, 81000),
(1348, 'Szombathely', 90, 87000),
(1349, 'Szöul', 16, 9646000),
(1350, 'Szumgait', 22, 230000),
(1351, 'Tabligbo', 172, 5000),
(1352, 'Tabora', 169, 67000),
(1353, 'Tabouk', 159, 75000),
(1354, 'Tabriz', 116, 971000),
(1355, 'Tacuarembo', 91, 40000),
(1356, 'Tadjourah', 26, 35000),
(1357, 'Taegu', 16, 2031000),
(1358, 'Taejou', 16, 866000),
(1359, 'Taga Dzong', 181, 19000),
(1360, 'Tahoua', 102, 42000),
(1361, 'Taichung', 80, 715000),
(1362, 'Taif', 159, 300000),
(1363, 'Tainan', 80, 657000),
(1364, 'Taipei', 80, 2637000),
(1365, 'Taiping', 160, 146000),
(1366, 'Taiyuan', 38, 1480000),
(1367, 'Taizz', 34, 178000),
(1368, 'Talca', 61, 164000),
(1369, 'Talcahuano', 61, 231000),
(1370, 'Tallinn', 17, 484000),
(1371, 'Taloffo', 103, 2000),
(1372, 'Tamale', 176, 151000),
(1373, 'Tampere', 30, 171000),
(1374, 'Tamuning', 103, 17000),
(1375, 'Tanga', 169, 103000),
(1376, 'Tangier', 140, 509000),
(1377, 'Tantu', 32, 374000),
(1378, 'Taranto', 53, 245000),
(1379, 'Tarija', 188, 66000),
(1380, 'Tartu', 17, 115000),
(1381, 'Tartus', 75, 53000),
(1382, 'Tasausz', 109, 110000),
(1383, 'Taskent', 138, 2100000),
(1384, 'Taunggye', 137, 108000),
(1385, 'Tbiliszi', 103, 1264000),
(1386, 'Tchibanga', 185, 15000),
(1387, 'Teahupoo', 30, 1000),
(1388, 'Tegateyaneng', 78, 8000),
(1389, 'Tegucigalpa', 86, 641000),
(1390, 'Teherán', 116, 6043000),
(1391, 'Tel Aviv', 23, 320000),
(1392, 'Tela', 86, 28000),
(1393, 'Tema', 176, 109000),
(1394, 'Temesvár', 57, 325000),
(1395, 'Temuco', 61, 218000),
(1396, 'Tetouan', 140, 800000),
(1397, 'Thies', 174, 156000),
(1398, 'Thika', 69, 41000),
(1399, 'Thimphu', 181, 20000),
(1400, 'Thio', 190, 3000),
(1401, 'Thule', 183, 1000),
(1402, 'Thun', 74, 37000),
(1403, 'Thunder Bay', 173, 112000),
(1404, 'Tianjin', 38, 4314000),
(1405, 'Tijuana', 36, 461000),
(1406, 'Tilburg', 35, 154000),
(1407, 'Timbuktu', 95, 20000),
(1408, 'Tirana', 1, 226000),
(1409, 'Toa Baja', 79, 89000),
(1410, 'Toamasina', 87, 139000),
(1411, 'Tocumen', 48, 22000),
(1412, 'Tokió', 27, 8324000),
(1413, 'Tolbukhin', 10, 111000),
(1414, 'Toliary', 87, 59000),
(1415, 'Tongsa Dzong', 181, 3000),
(1416, 'Torinó', 53, 1025000),
(1417, 'Toronto', 173, 3427000),
(1418, 'Tororo', 190, 18000),
(1419, 'Totnes', 82, 1000),
(1420, 'Toulon', 105, 182000),
(1421, 'Toulouse', 105, 354000),
(1422, 'Townsville', 93, 108000),
(1423, 'Triesen', 94, 3000),
(1424, 'Triesenberg', 94, 2000),
(1425, 'Trieszt', 53, 237000),
(1426, 'Trincomalee', 89, 44000),
(1427, 'Tripoli', 135, 500000),
(1428, 'Tripoli', 156, 858000),
(1429, 'Tromso', 83, 49000),
(1430, 'Trondheim', 83, 137000),
(1431, 'Trujillo', 73, 491000),
(1432, 'Trujillo', 79, 62000),
(1433, 'Tsevie', 172, 17000),
(1434, 'Tsumeb', 131, 13000),
(1435, 'Tubmanburg', 170, 15000),
(1436, 'Tubruq', 156, 25000),
(1437, 'Tunis', 108, 597000),
(1438, 'Turku', 30, 162000),
(1439, 'Tutume', 121, 85000),
(1440, 'Tyre', 135, 14000),
(1441, 'Új-Delhi', 14, 5714000),
(1442, 'Ujung Pangang', 145, 709000),
(1443, 'Ulaangom', 54, 15000),
(1444, 'Ulan-Bator', 54, 548000),
(1445, 'Uliastay', 54, 14000),
(1446, 'Ulsan', 16, 551000),
(1447, 'Umea', 62, 89000),
(1448, 'Umhlazi', 126, 180000),
(1449, 'Uppernavik', 183, 1000),
(1450, 'Uppsala', 62, 162000),
(1451, 'Usti nad Labem', 13, 105000),
(1452, 'Utrecht', 35, 230000),
(1453, 'Utulei', 111, 1000),
(1454, 'Vacoas-Phoenix', 123, 55000),
(1455, 'Vaduz', 94, 5000),
(1456, 'Vaitogi', 111, 1000),
(1457, 'Valencia', 59, 732000),
(1458, 'Valencia', 96, 1181000),
(1459, 'Valladoid', 59, 329000),
(1460, 'Valletta', 47, 9000),
(1461, 'Valparaiso', 61, 279000),
(1462, 'Vancouver', 173, 1381000),
(1463, 'Vantaa', 30, 151000),
(1464, 'Várna', 10, 306000),
(1465, 'Varsó', 97, 1671000),
(1466, 'Vasteras', 62, 119000),
(1467, 'Vejle', 15, 44000),
(1468, 'Velence', 53, 328000),
(1469, 'Verona', 53, 259000),
(1470, 'Vestmannaeyjar', 99, 5000),
(1471, 'Victoria', 173, 66000),
(1472, 'Victoria', 86, 1400000),
(1473, 'Victoria', 47, 5000),
(1474, 'Victoria', 154, 23000),
(1475, 'Vientiane', 44, 377000),
(1476, 'Vieux Fort', 193, 11000),
(1477, 'Vila Nova de Gaia', 79, 62000),
(1478, 'Villach', 3, 53000),
(1479, 'Villarica', 139, 22000),
(1480, 'Vilnius', 43, 592000),
(1481, 'Vina del Mar', 61, 297000),
(1482, 'Vinh', 84, 154000),
(1483, 'Vityebszk', 124, 350000),
(1484, 'Vlore', 1, 68000),
(1485, 'Volos', 33, 71000),
(1486, 'Vung Tau', 84, 108000),
(1487, 'Wadi Medani', 106, 142000),
(1488, 'Waitemata', 149, 101000),
(1489, 'Wanganui', 149, 41000),
(1490, 'Wankie', 112, 39000),
(1491, 'Washington', 129, 575000),
(1492, 'Waterford', 37, 41000),
(1493, 'Wellington', 149, 325000),
(1494, 'Wels', 3, 51000),
(1495, 'West Bay', 118, 7000),
(1496, 'Wewak', 155, 23000),
(1497, 'Whangarei', 149, 44000),
(1498, 'Willemstad', 19, 125000),
(1499, 'Windhoek', 131, 115000),
(1500, 'Winnipeg', 173, 595000),
(1501, 'Winterthur', 74, 85000),
(1502, 'Wollongong', 93, 234000),
(1503, 'Wonsan', 164, 350000),
(1504, 'Wroclaw', 97, 640000),
(1505, 'Wuhan', 38, 3107000),
(1506, 'Xi\' an', 38, 1823000),
(1507, 'Yamoussoukro', 120, 120000),
(1508, 'Yangon', 137, 2459000),
(1509, 'Yaounde', 60, 712000),
(1510, 'Yaren', 100, 6000),
(1511, 'Yazd', 116, 230000),
(1512, 'Yogyakarta', 145, 399000),
(1513, 'Yokohama', 27, 3151000),
(1514, 'Yunghu', 80, 242000),
(1515, 'Zagazig', 32, 274000),
(1516, 'Zágráb', 101, 1200000),
(1517, 'Zahle', 135, 200000),
(1518, 'Zaira', 179, 318000),
(1519, 'Zamboanga', 175, 423000),
(1520, 'Zanzibar', 169, 110000),
(1521, 'Zaragoza', 59, 575000),
(1522, 'Zarqa', 118, 307000),
(1523, 'Zinder', 102, 83000),
(1524, 'Zinguinchor', 174, 107000),
(1525, 'Zlitan', 156, 21000),
(1526, 'Zomba', 160, 53000),
(1527, 'Zouerate', 167, 17000),
(1528, 'Zürich', 74, 351000);

--
-- Indexek a kiírt táblákhoz
--

--
-- A tábla indexei `allamformak`
--
ALTER TABLE `allamformak`
  ADD PRIMARY KEY (`allamformakod`);

--
-- A tábla indexei `foldreszek`
--
ALTER TABLE `foldreszek`
  ADD PRIMARY KEY (`foldreszkod`);

--
-- A tábla indexei `orszagok`
--
ALTER TABLE `orszagok`
  ADD PRIMARY KEY (`okod`),
  ADD KEY `allamkod` (`allamkod`),
  ADD KEY `foldreszkod` (`foldreszkod`),
  ADD KEY `penznemkod` (`penznemkod`);

--
-- A tábla indexei `penznemek`
--
ALTER TABLE `penznemek`
  ADD PRIMARY KEY (`penznemkod`);

--
-- A tábla indexei `varosok`
--
ALTER TABLE `varosok`
  ADD PRIMARY KEY (`varoskod`),
  ADD KEY `orszagkod` (`orszagkod`);

--
-- A kiírt táblák AUTO_INCREMENT értéke
--

--
-- AUTO_INCREMENT a táblához `allamformak`
--
ALTER TABLE `allamformak`
  MODIFY `allamformakod` int(11) NOT NULL AUTO_INCREMENT, AUTO_INCREMENT=12;

--
-- AUTO_INCREMENT a táblához `foldreszek`
--
ALTER TABLE `foldreszek`
  MODIFY `foldreszkod` int(11) NOT NULL AUTO_INCREMENT, AUTO_INCREMENT=6;

--
-- AUTO_INCREMENT a táblához `orszagok`
--
ALTER TABLE `orszagok`
  MODIFY `okod` int(11) NOT NULL AUTO_INCREMENT, AUTO_INCREMENT=194;

--
-- AUTO_INCREMENT a táblához `penznemek`
--
ALTER TABLE `penznemek`
  MODIFY `penznemkod` int(11) NOT NULL AUTO_INCREMENT, AUTO_INCREMENT=81;

--
-- AUTO_INCREMENT a táblához `varosok`
--
ALTER TABLE `varosok`
  MODIFY `varoskod` int(11) NOT NULL AUTO_INCREMENT, AUTO_INCREMENT=1529;

--
-- Megkötések a kiírt táblákhoz
--

--
-- Megkötések a táblához `orszagok`
--
ALTER TABLE `orszagok`
  ADD CONSTRAINT `orszagok_ibfk_1` FOREIGN KEY (`allamkod`) REFERENCES `allamformak` (`allamformakod`) ON DELETE CASCADE ON UPDATE CASCADE,
  ADD CONSTRAINT `orszagok_ibfk_2` FOREIGN KEY (`penznemkod`) REFERENCES `penznemek` (`penznemkod`) ON DELETE CASCADE ON UPDATE CASCADE,
  ADD CONSTRAINT `orszagok_ibfk_3` FOREIGN KEY (`foldreszkod`) REFERENCES `foldreszek` (`foldreszkod`) ON DELETE CASCADE ON UPDATE CASCADE;

--
-- Megkötések a táblához `varosok`
--
ALTER TABLE `varosok`
  ADD CONSTRAINT `varosok_ibfk_1` FOREIGN KEY (`orszagkod`) REFERENCES `orszagok` (`okod`) ON DELETE CASCADE ON UPDATE CASCADE;
COMMIT;

/*!40101 SET CHARACTER_SET_CLIENT=@OLD_CHARACTER_SET_CLIENT */;
/*!40101 SET CHARACTER_SET_RESULTS=@OLD_CHARACTER_SET_RESULTS */;
/*!40101 SET COLLATION_CONNECTION=@OLD_COLLATION_CONNECTION */;
